PRAGMA foreign_keys=OFF;
BEGIN TRANSACTION;
CREATE TABLE IF NOT EXISTS "django_migrations" ("id" integer NOT NULL PRIMARY KEY AUTOINCREMENT, "app" varchar(255) NOT NULL, "name" varchar(255) NOT NULL, "applied" datetime NOT NULL);
INSERT INTO django_migrations VALUES(1,'contenttypes','0001_initial','2025-01-19 04:49:26.125837');
INSERT INTO django_migrations VALUES(2,'contenttypes','0002_remove_content_type_name','2025-01-19 04:49:26.137840');
INSERT INTO django_migrations VALUES(3,'auth','0001_initial','2025-01-19 04:49:26.161748');
INSERT INTO django_migrations VALUES(4,'auth','0002_alter_permission_name_max_length','2025-01-19 04:49:26.180673');
INSERT INTO django_migrations VALUES(5,'auth','0003_alter_user_email_max_length','2025-01-19 04:49:26.189681');
INSERT INTO django_migrations VALUES(6,'auth','0004_alter_user_username_opts','2025-01-19 04:49:26.217735');
INSERT INTO django_migrations VALUES(7,'auth','0005_alter_user_last_login_null','2025-01-19 04:49:26.229745');
INSERT INTO django_migrations VALUES(8,'auth','0006_require_contenttypes_0002','2025-01-19 04:49:26.235688');
INSERT INTO django_migrations VALUES(9,'auth','0007_alter_validators_add_error_messages','2025-01-19 04:49:26.247657');
INSERT INTO django_migrations VALUES(10,'auth','0008_alter_user_username_max_length','2025-01-19 04:49:26.255633');
INSERT INTO django_migrations VALUES(11,'auth','0009_alter_user_last_name_max_length','2025-01-19 04:49:26.267634');
INSERT INTO django_migrations VALUES(12,'auth','0010_alter_group_name_max_length','2025-01-19 04:49:26.281598');
INSERT INTO django_migrations VALUES(13,'auth','0011_update_proxy_permissions','2025-01-19 04:49:26.290574');
INSERT INTO django_migrations VALUES(14,'auth','0012_alter_user_first_name_max_length','2025-01-19 04:49:26.301548');
INSERT INTO django_migrations VALUES(15,'accountsclassroom','0001_initial','2025-01-19 04:49:26.320931');
INSERT INTO django_migrations VALUES(16,'accounts','0001_initial','2025-01-19 04:49:26.350998');
INSERT INTO django_migrations VALUES(17,'accounts','0002_initial','2025-01-19 04:49:26.381916');
INSERT INTO django_migrations VALUES(18,'admin','0001_initial','2025-01-19 04:49:26.402862');
INSERT INTO django_migrations VALUES(19,'admin','0002_logentry_remove_auto_add','2025-01-19 04:49:26.421812');
INSERT INTO django_migrations VALUES(20,'admin','0003_logentry_add_action_flag_choices','2025-01-19 04:49:26.437431');
INSERT INTO django_migrations VALUES(21,'sessions','0001_initial','2025-01-19 04:49:26.452392');
INSERT INTO django_migrations VALUES(22,'classmanager','0001_initial','2025-01-19 11:27:13.515649');
INSERT INTO django_migrations VALUES(23,'classmanager','0002_alter_studentschool_stage','2025-01-23 01:50:34.420419');
INSERT INTO django_migrations VALUES(24,'classmanager','0003_alter_studentschool_grade','2025-01-25 01:26:39.204776');
INSERT INTO django_migrations VALUES(25,'classmanager','0004_studentschool_subjects','2025-01-25 01:47:41.275435');
INSERT INTO django_migrations VALUES(26,'classmanager','0005_remove_studentschool_subjects','2025-01-25 12:39:46.701304');
INSERT INTO django_migrations VALUES(27,'classmanager','0006_schoolsubject','2025-01-25 13:36:53.495743');
INSERT INTO django_migrations VALUES(28,'classmanager','0007_teacher','2025-01-28 03:08:08.231123');
INSERT INTO django_migrations VALUES(29,'classmanager','0008_classschedule','2025-01-29 06:14:34.686632');
INSERT INTO django_migrations VALUES(30,'classmanager','0009_remove_classschedule_end_time_and_more','2025-01-29 11:42:58.394127');
INSERT INTO django_migrations VALUES(31,'classmanager','0010_classschedule_date','2025-01-29 12:03:50.721042');
INSERT INTO django_migrations VALUES(32,'classmanager','0011_alter_period_end_time_alter_period_start_time','2025-01-30 03:48:37.034618');
INSERT INTO django_migrations VALUES(33,'classmanager','0012_student_classroomuser_teacher_classroomuser','2025-01-30 10:58:47.057240');
INSERT INTO django_migrations VALUES(34,'classmanager','0013_classschedule_attendance_classschedule_behindtime_and_more','2025-02-02 03:21:26.785816');
INSERT INTO django_migrations VALUES(35,'classmanager','0014_remove_classschedule_attendance_and_more','2025-02-02 03:34:04.881733');
INSERT INTO django_migrations VALUES(36,'classmanager','0015_report_period','2025-02-02 03:44:30.323336');
INSERT INTO django_migrations VALUES(37,'classmanager','0016_report_posted_at','2025-02-02 03:50:16.154154');
INSERT INTO django_migrations VALUES(38,'classmanager','0017_classschedule_flag','2025-02-02 05:11:33.275165');
INSERT INTO django_migrations VALUES(39,'classmanager','0018_report_achievement','2025-02-08 10:14:11.036118');
INSERT INTO django_migrations VALUES(40,'accounts','0003_manageruser_send_email_address','2025-02-15 06:21:51.469899');
INSERT INTO django_migrations VALUES(41,'accounts','0004_manageruser_email_setting','2025-02-15 06:44:37.034555');
INSERT INTO django_migrations VALUES(42,'classmanager','0019_school','2025-02-17 03:05:15.376915');
INSERT INTO django_migrations VALUES(43,'classmanager','0020_school_manageruser','2025-02-17 03:26:06.700311');
INSERT INTO django_migrations VALUES(44,'classmanager','0021_remove_studentschool_school','2025-02-17 06:07:01.038314');
INSERT INTO django_migrations VALUES(45,'classmanager','0022_studentschool_school','2025-02-17 07:23:49.249160');
INSERT INTO django_migrations VALUES(46,'classmanager','0023_alter_studentschool_school','2025-02-17 07:26:27.410182');
INSERT INTO django_migrations VALUES(47,'classmanager','0024_alter_studentschool_school','2025-02-18 00:33:45.645695');
INSERT INTO django_migrations VALUES(48,'classmanager','0025_remove_studentschool_school','2025-02-18 00:33:45.691318');
INSERT INTO django_migrations VALUES(49,'classmanager','0026_studentschool_school','2025-02-18 00:33:45.720224');
INSERT INTO django_migrations VALUES(50,'classmanager','0027_remove_studentschool_school','2025-02-18 00:33:45.748159');
INSERT INTO django_migrations VALUES(51,'classmanager','0028_studentschool_school','2025-02-18 00:35:30.450954');
INSERT INTO django_migrations VALUES(52,'classmanager','0029_remove_student_phone1_remove_student_phone2','2025-02-18 08:25:56.016840');
INSERT INTO django_migrations VALUES(53,'classmanager','0030_studentphone','2025-02-18 08:30:31.809799');
INSERT INTO django_migrations VALUES(54,'classmanager','0031_studentphone_text','2025-02-18 08:40:17.538986');
INSERT INTO django_migrations VALUES(55,'classmanager','0032_studentphone_manageruser','2025-02-19 01:55:15.114998');
INSERT INTO django_migrations VALUES(56,'classmanager','0033_category_parentcategory_englishwords_category_parent_and_more','2025-02-23 06:24:05.439542');
CREATE TABLE IF NOT EXISTS "django_content_type" ("id" integer NOT NULL PRIMARY KEY AUTOINCREMENT, "app_label" varchar(100) NOT NULL, "model" varchar(100) NOT NULL);
INSERT INTO django_content_type VALUES(1,'admin','logentry');
INSERT INTO django_content_type VALUES(2,'auth','permission');
INSERT INTO django_content_type VALUES(3,'auth','group');
INSERT INTO django_content_type VALUES(4,'contenttypes','contenttype');
INSERT INTO django_content_type VALUES(5,'sessions','session');
INSERT INTO django_content_type VALUES(6,'accounts','managerclassroom');
INSERT INTO django_content_type VALUES(7,'accounts','manageruser');
INSERT INTO django_content_type VALUES(8,'accountsclassroom','classroomuser');
INSERT INTO django_content_type VALUES(9,'classmanager','studentschool');
INSERT INTO django_content_type VALUES(10,'classmanager','student');
INSERT INTO django_content_type VALUES(11,'classmanager','subject');
INSERT INTO django_content_type VALUES(12,'classmanager','studentsubject');
INSERT INTO django_content_type VALUES(13,'classmanager','schoolsubject');
INSERT INTO django_content_type VALUES(14,'classmanager','teacher');
INSERT INTO django_content_type VALUES(15,'classmanager','classschedule');
INSERT INTO django_content_type VALUES(16,'classmanager','period');
INSERT INTO django_content_type VALUES(17,'classmanager','report');
INSERT INTO django_content_type VALUES(18,'classmanager','school');
INSERT INTO django_content_type VALUES(19,'classmanager','studentphone');
INSERT INTO django_content_type VALUES(20,'classmanager','category');
INSERT INTO django_content_type VALUES(21,'classmanager','englishwords');
INSERT INTO django_content_type VALUES(22,'classmanager','usercategory');
INSERT INTO django_content_type VALUES(23,'classmanager','userparentcategory');
INSERT INTO django_content_type VALUES(24,'classmanager','parentcategory');
INSERT INTO django_content_type VALUES(25,'classmanager','userenglishwords');
CREATE TABLE IF NOT EXISTS "auth_group_permissions" ("id" integer NOT NULL PRIMARY KEY AUTOINCREMENT, "group_id" integer NOT NULL REFERENCES "auth_group" ("id") DEFERRABLE INITIALLY DEFERRED, "permission_id" integer NOT NULL REFERENCES "auth_permission" ("id") DEFERRABLE INITIALLY DEFERRED);
CREATE TABLE IF NOT EXISTS "auth_permission" ("id" integer NOT NULL PRIMARY KEY AUTOINCREMENT, "content_type_id" integer NOT NULL REFERENCES "django_content_type" ("id") DEFERRABLE INITIALLY DEFERRED, "codename" varchar(100) NOT NULL, "name" varchar(255) NOT NULL);
INSERT INTO auth_permission VALUES(1,1,'add_logentry','Can add log entry');
INSERT INTO auth_permission VALUES(2,1,'change_logentry','Can change log entry');
INSERT INTO auth_permission VALUES(3,1,'delete_logentry','Can delete log entry');
INSERT INTO auth_permission VALUES(4,1,'view_logentry','Can view log entry');
INSERT INTO auth_permission VALUES(5,2,'add_permission','Can add permission');
INSERT INTO auth_permission VALUES(6,2,'change_permission','Can change permission');
INSERT INTO auth_permission VALUES(7,2,'delete_permission','Can delete permission');
INSERT INTO auth_permission VALUES(8,2,'view_permission','Can view permission');
INSERT INTO auth_permission VALUES(9,3,'add_group','Can add group');
INSERT INTO auth_permission VALUES(10,3,'change_group','Can change group');
INSERT INTO auth_permission VALUES(11,3,'delete_group','Can delete group');
INSERT INTO auth_permission VALUES(12,3,'view_group','Can view group');
INSERT INTO auth_permission VALUES(13,4,'add_contenttype','Can add content type');
INSERT INTO auth_permission VALUES(14,4,'change_contenttype','Can change content type');
INSERT INTO auth_permission VALUES(15,4,'delete_contenttype','Can delete content type');
INSERT INTO auth_permission VALUES(16,4,'view_contenttype','Can view content type');
INSERT INTO auth_permission VALUES(17,5,'add_session','Can add session');
INSERT INTO auth_permission VALUES(18,5,'change_session','Can change session');
INSERT INTO auth_permission VALUES(19,5,'delete_session','Can delete session');
INSERT INTO auth_permission VALUES(20,5,'view_session','Can view session');
INSERT INTO auth_permission VALUES(21,6,'add_managerclassroom','Can add manager classroom');
INSERT INTO auth_permission VALUES(22,6,'change_managerclassroom','Can change manager classroom');
INSERT INTO auth_permission VALUES(23,6,'delete_managerclassroom','Can delete manager classroom');
INSERT INTO auth_permission VALUES(24,6,'view_managerclassroom','Can view manager classroom');
INSERT INTO auth_permission VALUES(25,7,'add_manageruser','Can add user');
INSERT INTO auth_permission VALUES(26,7,'change_manageruser','Can change user');
INSERT INTO auth_permission VALUES(27,7,'delete_manageruser','Can delete user');
INSERT INTO auth_permission VALUES(28,7,'view_manageruser','Can view user');
INSERT INTO auth_permission VALUES(29,8,'add_classroomuser','Can add user');
INSERT INTO auth_permission VALUES(30,8,'change_classroomuser','Can change user');
INSERT INTO auth_permission VALUES(31,8,'delete_classroomuser','Can delete user');
INSERT INTO auth_permission VALUES(32,8,'view_classroomuser','Can view user');
INSERT INTO auth_permission VALUES(33,9,'add_studentschool','Can add student school');
INSERT INTO auth_permission VALUES(34,9,'change_studentschool','Can change student school');
INSERT INTO auth_permission VALUES(35,9,'delete_studentschool','Can delete student school');
INSERT INTO auth_permission VALUES(36,9,'view_studentschool','Can view student school');
INSERT INTO auth_permission VALUES(37,10,'add_student','Can add student');
INSERT INTO auth_permission VALUES(38,10,'change_student','Can change student');
INSERT INTO auth_permission VALUES(39,10,'delete_student','Can delete student');
INSERT INTO auth_permission VALUES(40,10,'view_student','Can view student');
INSERT INTO auth_permission VALUES(41,11,'add_subject','Can add subject');
INSERT INTO auth_permission VALUES(42,11,'change_subject','Can change subject');
INSERT INTO auth_permission VALUES(43,11,'delete_subject','Can delete subject');
INSERT INTO auth_permission VALUES(44,11,'view_subject','Can view subject');
INSERT INTO auth_permission VALUES(45,12,'add_studentsubject','Can add student subject');
INSERT INTO auth_permission VALUES(46,12,'change_studentsubject','Can change student subject');
INSERT INTO auth_permission VALUES(47,12,'delete_studentsubject','Can delete student subject');
INSERT INTO auth_permission VALUES(48,12,'view_studentsubject','Can view student subject');
INSERT INTO auth_permission VALUES(49,13,'add_schoolsubject','Can add school subject');
INSERT INTO auth_permission VALUES(50,13,'change_schoolsubject','Can change school subject');
INSERT INTO auth_permission VALUES(51,13,'delete_schoolsubject','Can delete school subject');
INSERT INTO auth_permission VALUES(52,13,'view_schoolsubject','Can view school subject');
INSERT INTO auth_permission VALUES(53,14,'add_teacher','Can add teacher');
INSERT INTO auth_permission VALUES(54,14,'change_teacher','Can change teacher');
INSERT INTO auth_permission VALUES(55,14,'delete_teacher','Can delete teacher');
INSERT INTO auth_permission VALUES(56,14,'view_teacher','Can view teacher');
INSERT INTO auth_permission VALUES(57,15,'add_classschedule','Can add class schedule');
INSERT INTO auth_permission VALUES(58,15,'change_classschedule','Can change class schedule');
INSERT INTO auth_permission VALUES(59,15,'delete_classschedule','Can delete class schedule');
INSERT INTO auth_permission VALUES(60,15,'view_classschedule','Can view class schedule');
INSERT INTO auth_permission VALUES(61,16,'add_period','Can add period');
INSERT INTO auth_permission VALUES(62,16,'change_period','Can change period');
INSERT INTO auth_permission VALUES(63,16,'delete_period','Can delete period');
INSERT INTO auth_permission VALUES(64,16,'view_period','Can view period');
INSERT INTO auth_permission VALUES(65,17,'add_report','Can add report');
INSERT INTO auth_permission VALUES(66,17,'change_report','Can change report');
INSERT INTO auth_permission VALUES(67,17,'delete_report','Can delete report');
INSERT INTO auth_permission VALUES(68,17,'view_report','Can view report');
INSERT INTO auth_permission VALUES(69,18,'add_school','Can add school');
INSERT INTO auth_permission VALUES(70,18,'change_school','Can change school');
INSERT INTO auth_permission VALUES(71,18,'delete_school','Can delete school');
INSERT INTO auth_permission VALUES(72,18,'view_school','Can view school');
INSERT INTO auth_permission VALUES(73,19,'add_studentphone','Can add student phone');
INSERT INTO auth_permission VALUES(74,19,'change_studentphone','Can change student phone');
INSERT INTO auth_permission VALUES(75,19,'delete_studentphone','Can delete student phone');
INSERT INTO auth_permission VALUES(76,19,'view_studentphone','Can view student phone');
INSERT INTO auth_permission VALUES(77,20,'add_category','Can add category');
INSERT INTO auth_permission VALUES(78,20,'change_category','Can change category');
INSERT INTO auth_permission VALUES(79,20,'delete_category','Can delete category');
INSERT INTO auth_permission VALUES(80,20,'view_category','Can view category');
INSERT INTO auth_permission VALUES(81,21,'add_englishwords','Can add english words');
INSERT INTO auth_permission VALUES(82,21,'change_englishwords','Can change english words');
INSERT INTO auth_permission VALUES(83,21,'delete_englishwords','Can delete english words');
INSERT INTO auth_permission VALUES(84,21,'view_englishwords','Can view english words');
INSERT INTO auth_permission VALUES(85,22,'add_usercategory','Can add user category');
INSERT INTO auth_permission VALUES(86,22,'change_usercategory','Can change user category');
INSERT INTO auth_permission VALUES(87,22,'delete_usercategory','Can delete user category');
INSERT INTO auth_permission VALUES(88,22,'view_usercategory','Can view user category');
INSERT INTO auth_permission VALUES(89,23,'add_userparentcategory','Can add user parent category');
INSERT INTO auth_permission VALUES(90,23,'change_userparentcategory','Can change user parent category');
INSERT INTO auth_permission VALUES(91,23,'delete_userparentcategory','Can delete user parent category');
INSERT INTO auth_permission VALUES(92,23,'view_userparentcategory','Can view user parent category');
INSERT INTO auth_permission VALUES(93,24,'add_parentcategory','Can add parent category');
INSERT INTO auth_permission VALUES(94,24,'change_parentcategory','Can change parent category');
INSERT INTO auth_permission VALUES(95,24,'delete_parentcategory','Can delete parent category');
INSERT INTO auth_permission VALUES(96,24,'view_parentcategory','Can view parent category');
INSERT INTO auth_permission VALUES(97,25,'add_userenglishwords','Can add user english words');
INSERT INTO auth_permission VALUES(98,25,'change_userenglishwords','Can change user english words');
INSERT INTO auth_permission VALUES(99,25,'delete_userenglishwords','Can delete user english words');
INSERT INTO auth_permission VALUES(100,25,'view_userenglishwords','Can view user english words');
CREATE TABLE IF NOT EXISTS "auth_group" ("id" integer NOT NULL PRIMARY KEY AUTOINCREMENT, "name" varchar(150) NOT NULL UNIQUE);
CREATE TABLE IF NOT EXISTS "accountsclassroom_classroomuser" ("id" integer NOT NULL PRIMARY KEY AUTOINCREMENT, "password" varchar(128) NOT NULL, "last_login" datetime NULL, "is_superuser" bool NOT NULL, "username" varchar(150) NOT NULL UNIQUE, "first_name" varchar(150) NOT NULL, "last_name" varchar(150) NOT NULL, "email" varchar(254) NOT NULL, "is_staff" bool NOT NULL, "is_active" bool NOT NULL, "date_joined" datetime NOT NULL, "post" varchar(200) NULL);
INSERT INTO accountsclassroom_classroomuser VALUES(1,'pbkdf2_sha256$320000$JHSN5Crfx5PaCpHbgkdfAj$+BSWaMpbwpvjjFjeCiiF6LYHxzDFGKCt/cnqjM815L4=','2025-02-12 03:19:27.037888',0,'classroom','','','htomo1@outlook.jp',0,1,'2025-01-19 04:50:26.433514',NULL);
INSERT INTO accountsclassroom_classroomuser VALUES(2,'pbkdf2_sha256$870000$WEfwtrzEIbfLf2FhLZKTqa$U/+7FghhjOFenp7gxyNFaIQlwCNS6X4ZnvkjyF5Go1U=',NULL,0,'next','','','hhdhsifhsd@ahiufhda.com',0,1,'2025-01-27 07:57:28.441530',NULL);
INSERT INTO accountsclassroom_classroomuser VALUES(3,'pbkdf2_sha256$320000$aml4thQ3MN9FiMWSRpHA21$oElnyNkPmfQwd8vgD4I2JtZmn0M94sIZeB1WwPMT1bc=','2025-02-12 03:21:47.002708',0,'hasu1','','','hhdhsifhsd@ahiufhda.com',0,1,'2025-01-27 07:59:32.748351',NULL);
INSERT INTO accountsclassroom_classroomuser VALUES(4,'pbkdf2_sha256$870000$OuANMQ8LsPVB0p30EKxiVZ$LpiAcr5yOAve9ZQrCRTiUJoLr3lZ0JvuvCAYgciGDh0=',NULL,0,'tomo','','','plp@kokkdk.com',0,1,'2025-01-27 08:13:01.624567',NULL);
INSERT INTO accountsclassroom_classroomuser VALUES(5,'pbkdf2_sha256$870000$xpAawjt2LDF6pjMB4iOsSL$n1+tZ0780lcjeLQRSAU2uL8nNzYcexLLGzhSePm3idU=',NULL,0,'ffffff','','','huyryrry1@outlook.jp',0,1,'2025-01-27 08:14:31.931707',NULL);
INSERT INTO accountsclassroom_classroomuser VALUES(6,'pbkdf2_sha256$870000$Ypf5PLLTPRQfibxPaL6O8S$YX6a4vnm+8h2FTLKzoEYH3tb7uL4Bd4IfpV0fZf41Vs=',NULL,0,'iiuh','','','nknlnk@huih.com',0,1,'2025-01-27 08:15:53.737575',NULL);
INSERT INTO accountsclassroom_classroomuser VALUES(7,'pbkdf2_sha256$870000$lJQFHhXEYHnZccuBa81nn4$MZ2UoRS7Q+P3R61XQncyqdZRyhXYjQ+8p6dcQ0WQ0G8=','2025-02-23 12:31:24.819295',0,'hasu2','','','fhadfkfaifof@dfd.com',0,1,'2025-02-02 00:58:29.550178',NULL);
INSERT INTO accountsclassroom_classroomuser VALUES(8,'pbkdf2_sha256$320000$zAOw0MNe4An5QMVMXIIEsw$KvHlhI4+fejyFFewJaJj3Nwt/zXfOhH6FCjzMgnKAaw=','2025-02-13 03:35:25.135726',0,'kawamurahasu','','','kawamurajimu@helen.ocn.ne.jp',0,1,'2025-02-12 05:26:14.539852',NULL);
CREATE TABLE IF NOT EXISTS "accountsclassroom_classroomuser_groups" ("id" integer NOT NULL PRIMARY KEY AUTOINCREMENT, "classroomuser_id" bigint NOT NULL REFERENCES "accountsclassroom_classroomuser" ("id") DEFERRABLE INITIALLY DEFERRED, "group_id" integer NOT NULL REFERENCES "auth_group" ("id") DEFERRABLE INITIALLY DEFERRED);
CREATE TABLE IF NOT EXISTS "accountsclassroom_classroomuser_user_permissions" ("id" integer NOT NULL PRIMARY KEY AUTOINCREMENT, "classroomuser_id" bigint NOT NULL REFERENCES "accountsclassroom_classroomuser" ("id") DEFERRABLE INITIALLY DEFERRED, "permission_id" integer NOT NULL REFERENCES "auth_permission" ("id") DEFERRABLE INITIALLY DEFERRED);
CREATE TABLE IF NOT EXISTS "accounts_managerclassroom" ("id" integer NOT NULL PRIMARY KEY AUTOINCREMENT, "classroom_id" bigint NULL REFERENCES "accountsclassroom_classroomuser" ("id") DEFERRABLE INITIALLY DEFERRED, "manager_id" bigint NULL REFERENCES "accounts_manageruser" ("id") DEFERRABLE INITIALLY DEFERRED);
INSERT INTO accounts_managerclassroom VALUES(1,3,1);
INSERT INTO accounts_managerclassroom VALUES(2,6,1);
INSERT INTO accounts_managerclassroom VALUES(3,7,1);
INSERT INTO accounts_managerclassroom VALUES(4,8,4);
CREATE TABLE IF NOT EXISTS "accounts_manageruser_groups" ("id" integer NOT NULL PRIMARY KEY AUTOINCREMENT, "manageruser_id" bigint NOT NULL REFERENCES "accounts_manageruser" ("id") DEFERRABLE INITIALLY DEFERRED, "group_id" integer NOT NULL REFERENCES "auth_group" ("id") DEFERRABLE INITIALLY DEFERRED);
CREATE TABLE IF NOT EXISTS "accounts_manageruser_user_permissions" ("id" integer NOT NULL PRIMARY KEY AUTOINCREMENT, "manageruser_id" bigint NOT NULL REFERENCES "accounts_manageruser" ("id") DEFERRABLE INITIALLY DEFERRED, "permission_id" integer NOT NULL REFERENCES "auth_permission" ("id") DEFERRABLE INITIALLY DEFERRED);
CREATE TABLE IF NOT EXISTS "django_admin_log" ("id" integer NOT NULL PRIMARY KEY AUTOINCREMENT, "object_id" text NULL, "object_repr" varchar(200) NOT NULL, "action_flag" smallint unsigned NOT NULL CHECK ("action_flag" >= 0), "change_message" text NOT NULL, "content_type_id" integer NULL REFERENCES "django_content_type" ("id") DEFERRABLE INITIALLY DEFERRED, "user_id" bigint NOT NULL REFERENCES "accounts_manageruser" ("id") DEFERRABLE INITIALLY DEFERRED, "action_time" datetime NOT NULL);
CREATE TABLE IF NOT EXISTS "django_session" ("session_key" varchar(40) NOT NULL PRIMARY KEY, "session_data" text NOT NULL, "expire_date" datetime NOT NULL);
INSERT INTO django_session VALUES('74ovj6oozis3e9r26vmrwnj8xkakqrif','.eJxVi70OwiAQgN-F2TQgPeDcdPcZyAGHGBNMSpmM716adND1-_kIT30tvjde_DOJi1Di9MsCxRfXXVCM717XNh2oTXeq9ODlOuLbkf29hVoZI5s8nyUAOyCt2bFiBJmtymHWMRJQQmSQjEE5RWDRjtYYnYwmzFZ8N7xdNg0:1tdpfo:NW4WlugGTnDMboYapDsdcSvVdFFtYaOMO2MXHczCXjY','2025-02-14 11:59:00.702017');
INSERT INTO django_session VALUES('rxp3vmtaddbiyd4iw5wlmz9j617khz9x','.eJxVi70OwiAQgN-F2TQgPeDcdPcZyAGHGBNMSpmM716adND1-_kIT30tvjde_DOJi1Di9MsCxRfXXVCM717XNh2oTXeq9ODlOuLbkf29hVoZI5s8nyUAOyCt2bFiBJmtymHWMRJQQmSQjEE5RWDRjtYYnYwmzFZ8N7xdNg0:1teZ0Z:0w56uJaUVs18o6sflmBbuBVAXzZDTFm0Hi9RhIIeMJ8','2025-02-02 15:43:27.932169');
INSERT INTO django_session VALUES('vz34djh9ncixc0b7byncep6vmuakzzjr','.eJxVi70OwiAQgN-F2TQgPeDcdPcZyAGHGBNMSpmM716adND1-_kIT30tvjde_DOJi1Di9MsCxRfXXVCM717XNh2oTXeq9ODlOuLbkf29hVoZI5s8nyUAOyCt2bFiBJmtymHWMRJQQmSQjEE5RWDRjtYYnYwmzFZ8N7xdNg0:1tgItu:W4-kIivA5vKf0U9lL_iolfx3EnaKQvbCSLieBld7rJQ','2025-02-07 10:55:46.767221');
INSERT INTO django_session VALUES('0m60jlzh7p73kzv94t2wn1a6okxch4re','.eJxVi70OwiAQgN-F2TQgPeDcdPcZyAGHGBNMSpmM716adND1-_kIT30tvjde_DOJi1Di9MsCxRfXXVCM717XNh2oTXeq9ODlOuLbkf29hVoZI5s8nyUAOyCt2bFiBJmtymHWMRJQQmSQjEE5RWDRjtYYnYwmzFZ8N7xdNg0:1tgMfB:PuneThwZYqx3Lhj7KxFO96kMFwmieCS39Uaj2NoLGns','2025-02-07 14:56:49.437931');
INSERT INTO django_session VALUES('vq9it9khyiio3i56zm2tou0t2mqaqrdu','.eJxVjkEKgzAQRe8yaxGNxknctT1ISCYjllYFY1bi3ZuIhXY5__Pfmx2MjdtoYuDVPD30gFD8Zs7Si-dcWKIlzlugtw1hXZapvLpQPr7RLe3u1-IPM9owJoaSbTugUFw52zkmbFhgpWQ3ICul0WNTsxTe6YFqVrom9BVrryVxkwYJeupNlp1k6HfIf2MB-ZztxMmTdFHAcXwA3QpK7w:1tgc7H:BpYiowj10nJxNrPSaXsNCPWORN1EaeZSbpabgoirANg','2025-02-08 07:26:51.923470');
INSERT INTO django_session VALUES('8o4paism2k1frvy0vg0yml1qvryt65zg','.eJxVjkEKgzAQRe8yaxGNxknctT1ISCYjllYFY1bi3ZuIhXY5__Pfmx2MjdtoYuDVPD30gFD8Zs7Si-dcWKIlzlugtw1hXZapvLpQPr7RLe3u1-IPM9owJoaSbTugUFw52zkmbFhgpWQ3ICul0WNTsxTe6YFqVrom9BVrryVxkwYJeupNlp1k6HfIf2MB-ZztxMmTdFHAcXwA3QpK7w:1tghw2:7-XOSKOlvHdpxZ2mSpx7zjNxb2Q5RDCZ1QC1jRgfi30','2025-02-08 13:39:38.068850');
INSERT INTO django_session VALUES('wtagubto2v7odz4dmlognpbn0rjo3oqn','.eJxVjkEKgzAQRe8yaxGNxknctT1ISCYjllYFY1bi3ZuIhXY5__Pfmx2MjdtoYuDVPD30gFD8Zs7Si-dcWKIlzlugtw1hXZapvLpQPr7RLe3u1-IPM9owJoaSbTugUFw52zkmbFhgpWQ3ICul0WNTsxTe6YFqVrom9BVrryVxkwYJeupNlp1k6HfIf2MB-ZztxMmTdFHAcXwA3QpK7w:1tgvg6:9qV0kJzkYrNB2aP9ObqlPzMcBtgTv2eIC_t9-vQyiHY','2025-02-09 04:20:06.011286');
INSERT INTO django_session VALUES('w76lys74u7kdtxumrrq7a5ebtbqbqztp','.eJxVjkEKgzAQRe8yaxGNxknctT1ISCYjllYFY1bi3ZuIhXY5__Pfmx2MjdtoYuDVPD30gFD8Zs7Si-dcWKIlzlugtw1hXZapvLpQPr7RLe3u1-IPM9owJoaSbTugUFw52zkmbFhgpWQ3ICul0WNTsxTe6YFqVrom9BVrryVxkwYJeupNlp1k6HfIf2MB-ZztxMmTdFHAcXwA3QpK7w:1th2rz:M8z_rR5mP4e6eQF2ABrCOk6DP62kh21LJTq7UzgJqQs','2025-02-09 12:00:51.743111');
INSERT INTO django_session VALUES('8gm7djwtusmcu1jtg6rwvayl0z0koudg','.eJxVjkEKgzAQRe8yaxGNxknctT1ISCYjllYFY1bi3ZuIhXY5__Pfmx2MjdtoYuDVPD30gFD8Zs7Si-dcWKIlzlugtw1hXZapvLpQPr7RLe3u1-IPM9owJoaSbTugUFw52zkmbFhgpWQ3ICul0WNTsxTe6YFqVrom9BVrryVxkwYJeupNlp1k6HfIf2MB-ZztxMmTdFHAcXwA3QpK7w:1th5zt:vulMuKeTjUiEDiLzcQsWBvyjdNS4lD6P6cBLr2yZ4TM','2025-02-09 15:21:13.619198');
INSERT INTO django_session VALUES('4dc52odmo64wism2bhmg7mt9ak4ro20k','.eJxVi70OwiAQgN-F2TQgPeDcdPcZyAGHGBNMSpmM716adND1-_kIT30tvjde_DOJi1Di9MsCxRfXXVCM717XNh2oTXeq9ODlOuLbkf29hVoZI5s8nyUAOyCt2bFiBJmtymHWMRJQQmSQjEE5RWDRjtYYnYwmzFZ8N7xdNg0:1thIwQ:kmgnJbtB9gi7MnOoSKgajlpKztp9zIcpeXLRAF9gHN8','2025-02-10 05:10:30.895610');
INSERT INTO django_session VALUES('omx3o4u2c687trhf8i0lkacjwqb04p1t','.eJxVi70OwiAQgN-F2TQgPeDcdPcZyAGHGBNMSpmM716adND1-_kIT30tvjde_DOJi1Di9MsCxRfXXVCM717XNh2oTXeq9ODlOuLbkf29hVoZI5s8nyUAOyCt2bFiBJmtymHWMRJQQmSQjEE5RWDRjtYYnYwmzFZ8N7xdNg0:1thO38:IaPHMSpwvaLynSLH8BABE9SO0t7MeFYdbuRMzJJRp6Y','2025-02-10 10:37:46.671721');
INSERT INTO django_session VALUES('imth0mkpo388mq9n2ietpp4obpldm5xg','.eJxVi70OwiAQgN-F2TQgPeDcdPcZyAGHGBNMSpmM716adND1-_kIT30tvjde_DOJi1Di9MsCxRfXXVCM717XNh2oTXeq9ODlOuLbkf29hVoZI5s8nyUAOyCt2bFiBJmtymHWMRJQQmSQjEE5RWDRjtYYnYwmzFZ8N7xdNg0:1thgLs:mHK2eLrXXmD9E3ldoA4Kd80I9TdLoHfYrx0gvpypZOI','2025-02-11 06:10:20.970477');
INSERT INTO django_session VALUES('n3cjjzd05qiyruamnwxwpdur8orhfru8','.eJxVjEEOwiAQRe_C2jQzBQq4s3vPQAZmEGOCSWlXxrtrky50-_57_6UibWuNW5cl3lmdFarTL0uUH9L2gXJ-bm3tw4H6cKVGN1kuX3k-tL-2Uq_7oxXjgi_TmKAwhFBMQIsi2mvACR2MgQmK01QgeYucgA066wFtDqzeH5b0NSs:1thgV0:7pp76-T6t4O3Xj5rEvKV61noYAMXktTkeqqwr9XqAU4','2025-02-11 06:19:46.209220');
INSERT INTO django_session VALUES('y2umqawt8otw4lyyeezcau92fzmir2ti','.eJxVjkEOgzAMBP_iM6oCCSTl1vYhkWMbUbWARMgJ8fcGRKX26F3tjFfwmJbepyizfzK0YKH4zQLSS8a9QKIpjUukN8Y4T9NwObt4eXyjW97dz8UfpsfYZ4bRJDVxc1UNstjasZWKmHQTApauNJ1ypWJVBe6M1UoHI0GbjlkoGFdn6KH3u-wgQ7vC_rctYD9HHCR7si5VsG0fFClLcg:1thhbh:yQWtyLGYA9mCBu1okvMNMYV9OT46wN0is6tluB7w2aQ','2025-02-11 07:30:45.375830');
INSERT INTO django_session VALUES('it187acqxa4r375q84cxkilwwg726vbv','.eJxVjEEOwiAQRe_C2jQzBQq4s3vPQAZmEGOCSWlXxrtrky50-_57_6UibWuNW5cl3lmdFarTL0uUH9L2gXJ-bm3tw4H6cKVGN1kuX3k-tL-2Uq_7oxXjgi_TmKAwhFBMQIsi2mvACR2MgQmK01QgeYucgA066wFtDqzeH5b0NSs:1ti3R2:s-VCNvQUY8gG6zHSdr83NlQyyhxDmAmNeNpP1cqvuw0','2025-02-12 06:49:12.489801');
INSERT INTO django_session VALUES('tvi7f8zgtw1tvlrfuhtti5o3xwkagpz7','.eJxVjEEOwiAQRe_C2jQzBQq4s3vPQAZmEGOCSWlXxrtrky50-_57_6UibWuNW5cl3lmdFarTL0uUH9L2gXJ-bm3tw4H6cKVGN1kuX3k-tL-2Uq_7oxXjgi_TmKAwhFBMQIsi2mvACR2MgQmK01QgeYucgA066wFtDqzeH5b0NSs:1ti3Yo:-EKR3mdPbI-ad2GY22A9sW4rWpMJlFlR-5y0jEcdF74','2025-02-12 06:57:14.686622');
INSERT INTO django_session VALUES('wo0chy01pxo9paqowosqz676iwotgzkm','.eJxVjEEOwiAQRe_C2jQzBQq4s3vPQAZmEGOCSWlXxrtrky50-_57_6UibWuNW5cl3lmdFarTL0uUH9L2gXJ-bm3tw4H6cKVGN1kuX3k-tL-2Uq_7oxXjgi_TmKAwhFBMQIsi2mvACR2MgQmK01QgeYucgA066wFtDqzeH5b0NSs:1tiAkz:spzOGbc-D03k5X4T-dv8VYpQZ-P1D0q8wuGR38KZD1w','2025-02-12 14:38:17.374723');
INSERT INTO django_session VALUES('05k7e0nh78no54ovgwjjhsgwppouvv3k','.eJxVjEEOwiAQRe_C2jQzBQq4s3vPQAZmEGOCSWlXxrtrky50-_57_6UibWuNW5cl3lmdFarTL0uUH9L2gXJ-bm3tw4H6cKVGN1kuX3k-tL-2Uq_7oxXjgi_TmKAwhFBMQIsi2mvACR2MgQmK01QgeYucgA066wFtDqzeH5b0NSs:1tiM4W:1qPijhi2nydutrdW3KMZ0a5WHYxqqtGcRckFYqua8xg','2025-02-13 02:43:12.116929');
INSERT INTO django_session VALUES('d29vuy7bujmgyktooqtebt1j4i3iru0b','.eJxVjEEOwiAQRe_C2jQzBQq4s3vPQAZmEGOCSWlXxrtrky50-_57_6UibWuNW5cl3lmdFarTL0uUH9L2gXJ-bm3tw4H6cKVGN1kuX3k-tL-2Uq_7oxXjgi_TmKAwhFBMQIsi2mvACR2MgQmK01QgeYucgA066wFtDqzeH5b0NSs:1tiPgt:ELRhDRjY0r9_dWJ4TKiPsCchRLcMtdQz7P36pEETqqU','2025-02-13 06:35:03.623518');
INSERT INTO django_session VALUES('h8uzm0ccqxq3spex79g1hslch8gw4ju3','.eJxVjEEOwiAQRe_C2jQzBQq4s3vPQAZmEGOCSWlXxrtrky50-_57_6UibWuNW5cl3lmdFarTL0uUH9L2gXJ-bm3tw4H6cKVGN1kuX3k-tL-2Uq_7oxXjgi_TmKAwhFBMQIsi2mvACR2MgQmK01QgeYucgA066wFtDqzeH5b0NSs:1tiPva:7pSlI4bOK7QCE_SkeB7L172jt_3xOc7cduLCoISk-dk','2025-02-13 06:50:14.474129');
INSERT INTO django_session VALUES('mz2r64s62956826ej85tz3v10qi8pqqw','.eJxVjssKgzAQRf9l1lJSTWLiru2HhJk8sFgVjKEL8d-biIV2Ofdyz5kNDKa1Nyn6xTwddKCg-s0I7eCnUqC1c5rWaF8Y4zLP4-Xs4uXxjW55dz8Xf5geY58ZXAjiQbNWByc0Bi1l4Iok12Rr8sSvklQTHGOMZGCqodYpV2vGBIZG6Qw99KbIDjJ0G5S_VQXlnHD02TPgG8e0YNYm2PcP5VdNow:1tiQ0b:DUadHGMmgQcl526iGx-iIq6rZX4fELNhnepgoohh8Ss','2025-02-13 06:55:25.154943');
INSERT INTO django_session VALUES('8pgk36gdck1bwc7xwwmzb559l8az5lay','.eJxVi0sOwiAQQO_C2jT8CoM7u_cMZJgBMSaYlLIy3t2adKHb93mJiGOrcfS8xjuLs7Di9MsS0iO3r0Ci52hbnw7Upys2vOX1ssfLkf29FXvdR4BUSvGZldczBHCqJOW01KBc4mDIzY5ZGTQkjdccki7EZA1Y0JKTeH8AttI1-A:1tiQ9o:_pvL5BSNr8NOSbtPLbZLxxNcLEGIQounj0A1K8tZGKQ','2025-02-13 07:04:56.724901');
INSERT INTO django_session VALUES('57k9fekdvm9igqwi4cgsiyo5doc8eaby','.eJxVjEEOwiAQRe_C2jQzBQq4s3vPQAZmEGOCSWlXxrtrky50-_57_6UibWuNW5cl3lmdFarTL0uUH9L2gXJ-bm3tw4H6cKVGN1kuX3k-tL-2Uq_7oxXjgi_TmKAwhFBMQIsi2mvACR2MgQmK01QgeYucgA066wFtDqzeH5b0NSs:1tiWwd:ADrEqW2iTr5_UEB5hLYTKbNcK6FKGzWs5PKuMO-5Beg','2025-02-13 14:19:47.359782');
INSERT INTO django_session VALUES('m0nny43eiswucx9jocd4djbmw2oi3xa9','.eJxVjEEOwiAQRe_C2jQzBQq4s3vPQAZmEGOCSWlXxrtrky50-_57_6UibWuNW5cl3lmdFarTL0uUH9L2gXJ-bm3tw4H6cKVGN1kuX3k-tL-2Uq_7oxXjgi_TmKAwhFBMQIsi2mvACR2MgQmK01QgeYucgA066wFtDqzeH5b0NSs:1tijxd:XiInEmY0yyDp5oPUSK2xzPbwuzZIgmDK1WgYuJX8ORE','2025-02-14 04:13:41.920773');
INSERT INTO django_session VALUES('ttsvshbq4o6pr3qh0yd4sj2n7nn2yi9h','.eJxVjEEOwiAQRe_C2jQzBQq4s3vPQAZmEGOCSWlXxrtrky50-_57_6UibWuNW5cl3lmdFarTL0uUH9L2gXJ-bm3tw4H6cKVGN1kuX3k-tL-2Uq_7oxXjgi_TmKAwhFBMQIsi2mvACR2MgQmK01QgeYucgA066wFtDqzeH5b0NSs:1tiuBY:F5nENlc2u4nZzoFJPppL7rtFijO3kjJ4Zrx2yMqyjE4','2025-02-14 15:08:44.713477');
INSERT INTO django_session VALUES('nkk0wpd7ew14sc0uns01qkk92mwhtow1','.eJxVi0sKwyAQQO_iugSV8dddu88ZZBzHWgoWYlyV3j0JZNFu3-cjIo61xtF5ic8srkKJyy9LSC9uh0Ci92hrn07UpxkbPni57fH9zP7eir3uo87si2bwkFyWaI0qyTgNloP0SOAMsUpcSJG2xlHx7GQAmYFlCsWK7wbJpDaK:1tj8hW:6ENNTHjtu7xc3tfTTjGSKmPnp8SYirYeTXZequLMtZI','2025-02-15 06:38:42.437984');
INSERT INTO django_session VALUES('7jx3jhgwrke56qbx2pfrttvd7m9d7bec','.eJxVi0sKwyAQQO_iugSV8dddu88ZZBzHWgoWYlyV3j0JZNFu3-cjIo61xtF5ic8srkKJyy9LSC9uh0Ci92hrn07UpxkbPni57fH9zP7eir3uo87si2bwkFyWaI0qyTgNloP0SOAMsUpcSJG2xlHx7GQAmYFlCsWK7wbJpDaK:1tjCqT:r2lqC_SyhIN_-d2fXjdQO2ZyL7FDbIDy5F4lOlka3NM','2025-02-15 11:04:13.409988');
INSERT INTO django_session VALUES('qm183oqv8av6kv6ihk8ul2a4xqfnsinv','.eJxVi0sKwyAQQO_iugSV8dddu88ZZBzHWgoWYlyV3j0JZNFu3-cjIo61xtF5ic8srkKJyy9LSC9uh0Ci92hrn07UpxkbPni57fH9zP7eir3uo87si2bwkFyWaI0qyTgNloP0SOAMsUpcSJG2xlHx7GQAmYFlCsWK7wbJpDaK:1tjTQE:HIwx9j0OmoSRL_16PJbQHeg3f5It7ge0U0A7nZhqyy4','2025-02-16 04:46:14.574032');
INSERT INTO django_session VALUES('8pa615vyv40ijtf3r2ow6k2wu6yoonjq','.eJxVi0sKwyAQQO_iugSV8dddu88ZZBzHWgoWYlyV3j0JZNFu3-cjIo61xtF5ic8srkKJyy9LSC9uh0Ci92hrn07UpxkbPni57fH9zP7eir3uo87si2bwkFyWaI0qyTgNloP0SOAMsUpcSJG2xlHx7GQAmYFlCsWK7wbJpDaK:1tjdX6:nwr7zmLTa1vkuBy5snr1-Z_cYDC-7S_LJmFJtJwvRG0','2025-02-16 15:34:00.482693');
INSERT INTO django_session VALUES('nup50bn6wegsze3np9pp1ac7qrw9p6ba','.eJxVi0sKwyAQQO_iugSV8dddu88ZZBzHWgoWYlyV3j0JZNFu3-cjIo61xtF5ic8srkKJyy9LSC9uh0Ci92hrn07UpxkbPni57fH9zP7eir3uo87si2bwkFyWaI0qyTgNloP0SOAMsUpcSJG2xlHx7GQAmYFlCsWK7wbJpDaK:1tjdsm:3Ca742Sb_VepFY1zsbUFX-xsebowYry5qLuuJuw5wNE','2025-02-16 15:56:24.103679');
INSERT INTO django_session VALUES('2wiqt8kjjzn625rpa7g5zo3g69dmx053','.eJxVi0sKwyAQQO_iugSV8dddu88ZZBzHWgoWYlyV3j0JZNFu3-cjIo61xtF5ic8srkKJyy9LSC9uh0Ci92hrn07UpxkbPni57fH9zP7eir3uo87si2bwkFyWaI0qyTgNloP0SOAMsUpcSJG2xlHx7GQAmYFlCsWK7wbJpDaK:1tjr0M:v2XfmOywrLrqlv_GG0EmQS_Zj8UjeVe4m-eXsN5IqVw','2025-02-17 05:57:06.957019');
INSERT INTO django_session VALUES('7f3i77pmbmrq5pg5o0hk88991xwmw88a','.eJxVi0sKwyAQQO_iugSV8dddu88ZZBzHWgoWYlyV3j0JZNFu3-cjIo61xtF5ic8srkKJyy9LSC9uh0Ci92hrn07UpxkbPni57fH9zP7eir3uo87si2bwkFyWaI0qyTgNloP0SOAMsUpcSJG2xlHx7GQAmYFlCsWK7wbJpDaK:1tju8V:8eQQah1d1k1T3qJSYJ8O3vKqMw5m_iLGze0_EA4wRuU','2025-02-17 09:17:43.356349');
INSERT INTO django_session VALUES('dj9hq3tqd931w04ye4p9hyofk8pf0le0','.eJxVi0sKwyAQQO_iugSV8dddu88ZZBzHWgoWYlyV3j0JZNFu3-cjIo61xtF5ic8srkKJyy9LSC9uh0Ci92hrn07UpxkbPni57fH9zP7eir3uo87si2bwkFyWaI0qyTgNloP0SOAMsUpcSJG2xlHx7GQAmYFlCsWK7wbJpDaK:1tkAh0:ZbOkAkd6E6o2j_6DQu61gBe1nuPwC9UjjB5Qanp-yDg','2025-02-18 02:58:26.094351');
INSERT INTO django_session VALUES('nbh7lrl1y6ht5ubv9qfex29ayw6le83k','.eJxVi0sKwyAQQO_iugSV8dddu88ZZBzHWgoWYlyV3j0JZNFu3-cjIo61xtF5ic8srkKJyy9LSC9uh0Ci92hrn07UpxkbPni57fH9zP7eir3uo87si2bwkFyWaI0qyTgNloP0SOAMsUpcSJG2xlHx7GQAmYFlCsWK7wbJpDaK:1tkDsQ:Nf9mAiHLi8lymcWZRb0lYBTaTexWOKVsPcQFTghURfc','2025-02-18 06:22:26.599240');
INSERT INTO django_session VALUES('xk12ehdh302i16fo7pejg7pllcmktyv8','.eJxVi0sKwyAQQO_iugSV8dddu88ZZBzHWgoWYlyV3j0JZNFu3-cjIo61xtF5ic8srkKJyy9LSC9uh0Ci92hrn07UpxkbPni57fH9zP7eir3uo87si2bwkFyWaI0qyTgNloP0SOAMsUpcSJG2xlHx7GQAmYFlCsWK7wbJpDaK:1tkI2M:Q_HJa0TH8-4uTl-yqu3rZfvWtilF58sMgUwuD3TxDHg','2025-02-18 10:48:58.996415');
INSERT INTO django_session VALUES('pf5y5n43h96cslovyddhi2d1vpzyc2vj','.eJxVi0sKwyAQQO_iugSV8dddu88ZZBzHWgoWYlyV3j0JZNFu3-cjIo61xtF5ic8srkKJyy9LSC9uh0Ci92hrn07UpxkbPni57fH9zP7eir3uo87si2bwkFyWaI0qyTgNloP0SOAMsUpcSJG2xlHx7GQAmYFlCsWK7wbJpDaK:1tkI2O:GzzI-Ga-x1cNYzFLurEFg4iz0qqjmO0janJL3d4mTOc','2025-02-18 10:49:00.582174');
INSERT INTO django_session VALUES('5s1e5qsc4kc9kd9dzl8emkfcxcd8rmnt','.eJxVi0sKwyAQQO_iugSV8dddu88ZZBzHWgoWYlyV3j0JZNFu3-cjIo61xtF5ic8srkKJyy9LSC9uh0Ci92hrn07UpxkbPni57fH9zP7eir3uo87si2bwkFyWaI0qyTgNloP0SOAMsUpcSJG2xlHx7GQAmYFlCsWK7wbJpDaK:1tkI2O:GzzI-Ga-x1cNYzFLurEFg4iz0qqjmO0janJL3d4mTOc','2025-02-18 10:49:00.646003');
INSERT INTO django_session VALUES('7geli0mic938ug2sa9i0voe4ihv627o4','.eJxVi0sKwyAQQO_iugSV8dddu88ZZBzHWgoWYlyV3j0JZNFu3-cjIo61xtF5ic8srkKJyy9LSC9uh0Ci92hrn07UpxkbPni57fH9zP7eir3uo87si2bwkFyWaI0qyTgNloP0SOAMsUpcSJG2xlHx7GQAmYFlCsWK7wbJpDaK:1tkI2O:GzzI-Ga-x1cNYzFLurEFg4iz0qqjmO0janJL3d4mTOc','2025-02-18 10:49:00.675923');
INSERT INTO django_session VALUES('wrkk7b7zeq8kgze6a240tqpm7lteudqh','.eJxVi0sKwyAQQO_iugSV8dddu88ZZBzHWgoWYlyV3j0JZNFu3-cjIo61xtF5ic8srkKJyy9LSC9uh0Ci92hrn07UpxkbPni57fH9zP7eir3uo87si2bwkFyWaI0qyTgNloP0SOAMsUpcSJG2xlHx7GQAmYFlCsWK7wbJpDaK:1tkI2O:GzzI-Ga-x1cNYzFLurEFg4iz0qqjmO0janJL3d4mTOc','2025-02-18 10:49:00.716814');
INSERT INTO django_session VALUES('8y0b0tdv0fgec4i0992gwm87pmveb0tb','.eJxVi0sKwyAQQO_iugSV8dddu88ZZBzHWgoWYlyV3j0JZNFu3-cjIo61xtF5ic8srkKJyy9LSC9uh0Ci92hrn07UpxkbPni57fH9zP7eir3uo87si2bwkFyWaI0qyTgNloP0SOAMsUpcSJG2xlHx7GQAmYFlCsWK7wbJpDaK:1tkI2O:GzzI-Ga-x1cNYzFLurEFg4iz0qqjmO0janJL3d4mTOc','2025-02-18 10:49:00.777651');
INSERT INTO django_session VALUES('gm4trb3dt6g7hs5i6zhr0k49lpp88gtc','.eJxVi0sKwyAQQO_iugSV8dddu88ZZBzHWgoWYlyV3j0JZNFu3-cjIo61xtF5ic8srkKJyy9LSC9uh0Ci92hrn07UpxkbPni57fH9zP7eir3uo87si2bwkFyWaI0qyTgNloP0SOAMsUpcSJG2xlHx7GQAmYFlCsWK7wbJpDaK:1tkI2P:mGkawg9FAYU--x6lUSQfm5C0_L7d0vgNwMYwK1zBtVQ','2025-02-18 10:49:01.426839');
INSERT INTO django_session VALUES('02ckh0v2jxjab495shql34hr1jlk6uud','.eJxVi0sKwyAQQO_iugSV8dddu88ZZBzHWgoWYlyV3j0JZNFu3-cjIo61xtF5ic8srkKJyy9LSC9uh0Ci92hrn07UpxkbPni57fH9zP7eir3uo87si2bwkFyWaI0qyTgNloP0SOAMsUpcSJG2xlHx7GQAmYFlCsWK7wbJpDaK:1tkLEx:lVNAL6iZ-FDjv11XP-FQVKwJ-Pj6cgcugqZnnjJzUMc','2025-02-18 14:14:11.286791');
INSERT INTO django_session VALUES('onitwkyagklhi9fez3guk7wvcq3jkveq','.eJxVi0sKwyAQQO_iugSV8dddu88ZZBzHWgoWYlyV3j0JZNFu3-cjIo61xtF5ic8srkKJyy9LSC9uh0Ci92hrn07UpxkbPni57fH9zP7eir3uo87si2bwkFyWaI0qyTgNloP0SOAMsUpcSJG2xlHx7GQAmYFlCsWK7wbJpDaK:1tkZBs:pPx43c9DokV8j1zKGKQDhS7WPtSYmhl6tavCm8c6ocI','2025-02-19 05:07:56.182705');
INSERT INTO django_session VALUES('xuw2telyl9xdcsoyvgt34hklz87phint','.eJxVjtEKgzAMRf8lzyK2plZ82_YhJW1THJsK1j6J_75WHGyQl-Ryz8kOhtI2mhR5NU8PA2iofm-W3IvnEpBzS5q36N4U47osU31lsX58T7fcu1-NP8xIccwMR6y9dFIEhb10qLwMUqPFJsjOtypgg4TUsRC2Qe6Eoha5RRGs7vNk6Kk3RXaSYdih_K0rKOtME2dP1iUJx_EBxElKTA:1tkk5g:VcVXyuFHYIUP8Bz7-_52tR186xfK24HnYg8ufnyCelc','2025-02-19 16:46:16.447944');
INSERT INTO django_session VALUES('f48052c0zmjlbh79b9319atmnbz0q651','.eJxVjksOgzAMRO_iNapoQvjt2h4kchxbVC0gEbJC3L0JolK79IzmPW9gMa6DjYEX-_TQQwPFb-aQXjzlAonmOK2B3hjCMs_j5ezC5fGNbml3Pxd_mAHDkBiaXVca0ZViqrw4za3RVNIVuWRfG9WhaUV33CqFpkGRmqjSXrxyioQT9NDbLDvI0G-Q_24KyOeEIydP0kUF-_4BKYZL4A:1tkkCx:riEG9lIbMziVDOiYpyVYzjJaeHzQarhz2PvLYT6-dzw','2025-02-19 16:53:47.866669');
INSERT INTO django_session VALUES('gwglb4jyxav1prtlmw1ug36n1nv88333','.eJxVjksOgzAMRO_iNapoQvjt2h4kchxbVC0gEbJC3L0JolK79IzmPW9gMa6DjYEX-_TQQwPFb-aQXjzlAonmOK2B3hjCMs_j5ezC5fGNbml3Pxd_mAHDkBiaXVca0ZViqrw4za3RVNIVuWRfG9WhaUV33CqFpkGRmqjSXrxyioQT9NDbLDvI0G-Q_24KyOeEIydP0kUF-_4BKYZL4A:1tkkCy:vwgG9yulzYhqi-QAvSLe-nT3cGtMwz85DcQpA7dTSM8','2025-02-19 16:53:48.390782');
INSERT INTO django_session VALUES('85pfujwr4i4z3e5koe1cg4ttg8962txy','.eJxVjksOgzAMRO_iNapoQvjt2h4kchxbVC0gEbJC3L0JolK79IzmPW9gMa6DjYEX-_TQQwPFb-aQXjzlAonmOK2B3hjCMs_j5ezC5fGNbml3Pxd_mAHDkBiaXVca0ZViqrw4za3RVNIVuWRfG9WhaUV33CqFpkGRmqjSXrxyioQT9NDbLDvI0G-Q_24KyOeEIydP0kUF-_4BKYZL4A:1tkkCy:vwgG9yulzYhqi-QAvSLe-nT3cGtMwz85DcQpA7dTSM8','2025-02-19 16:53:48.773489');
INSERT INTO django_session VALUES('jci4vlmwpdy5s71lq2wiwcvlurziyocz','.eJxVjksOgzAMRO_iNapoQvjt2h4kchxbVC0gEbJC3L0JolK79IzmPW9gMa6DjYEX-_TQQwPFb-aQXjzlAonmOK2B3hjCMs_j5ezC5fGNbml3Pxd_mAHDkBiaXVca0ZViqrw4za3RVNIVuWRfG9WhaUV33CqFpkGRmqjSXrxyioQT9NDbLDvI0G-Q_24KyOeEIydP0kUF-_4BKYZL4A:1tkkCz:UEzGmqh6Nwkw67Dmt5yKbsh73tVrty2-OjJ-I0rOzrU','2025-02-19 16:53:49.118800');
INSERT INTO django_session VALUES('ly3eecbeuq2zreywzqqoquazsocdfl7f','.eJxVjksOgzAMRO_iNapoQvjt2h4kchxbVC0gEbJC3L0JolK79IzmPW9gMa6DjYEX-_TQQwPFb-aQXjzlAonmOK2B3hjCMs_j5ezC5fGNbml3Pxd_mAHDkBiaXVca0ZViqrw4za3RVNIVuWRfG9WhaUV33CqFpkGRmqjSXrxyioQT9NDbLDvI0G-Q_24KyOeEIydP0kUF-_4BKYZL4A:1tkkCz:UEzGmqh6Nwkw67Dmt5yKbsh73tVrty2-OjJ-I0rOzrU','2025-02-19 16:53:49.460033');
INSERT INTO django_session VALUES('6sbjok8t5nj2oko6jxo7xngaps3fsfb5','.eJxVjksOgzAMRO_iNapoQvjt2h4kchxbVC0gEbJC3L0JolK79IzmPW9gMa6DjYEX-_TQQwPFb-aQXjzlAonmOK2B3hjCMs_j5ezC5fGNbml3Pxd_mAHDkBiaXVca0ZViqrw4za3RVNIVuWRfG9WhaUV33CqFpkGRmqjSXrxyioQT9NDbLDvI0G-Q_24KyOeEIydP0kUF-_4BKYZL4A:1tkkCz:UEzGmqh6Nwkw67Dmt5yKbsh73tVrty2-OjJ-I0rOzrU','2025-02-19 16:53:49.772364');
INSERT INTO django_session VALUES('f57pcwtloqr53iyuxk5j8mxs70rxc7bb','.eJxVjksOgzAMRO_iNapoQvjt2h4kchxbVC0gEbJC3L0JolK79IzmPW9gMa6DjYEX-_TQQwPFb-aQXjzlAonmOK2B3hjCMs_j5ezC5fGNbml3Pxd_mAHDkBiaXVca0ZViqrw4za3RVNIVuWRfG9WhaUV33CqFpkGRmqjSXrxyioQT9NDbLDvI0G-Q_24KyOeEIydP0kUF-_4BKYZL4A:1tkkD0:M70CRCNaaWHx3gjtZDELBAKpq-8e_Mz8FjXY9Na6sb4','2025-02-19 16:53:50.072438');
INSERT INTO django_session VALUES('ja3k2g374s81teer5161yzn9tz085lq1','.eJxVjksOgzAMRO_iNapoQvjt2h4kchxbVC0gEbJC3L0JolK79IzmPW9gMa6DjYEX-_TQQwPFb-aQXjzlAonmOK2B3hjCMs_j5ezC5fGNbml3Pxd_mAHDkBiaXVca0ZViqrw4za3RVNIVuWRfG9WhaUV33CqFpkGRmqjSXrxyioQT9NDbLDvI0G-Q_24KyOeEIydP0kUF-_4BKYZL4A:1tkkD0:M70CRCNaaWHx3gjtZDELBAKpq-8e_Mz8FjXY9Na6sb4','2025-02-19 16:53:50.419315');
INSERT INTO django_session VALUES('alav4947h4f2jc14mrgr8ds9irhrfkg1','.eJxVjksOgzAMRO_iNapoQvjt2h4kchxbVC0gEbJC3L0JolK79IzmPW9gMa6DjYEX-_TQQwPFb-aQXjzlAonmOK2B3hjCMs_j5ezC5fGNbml3Pxd_mAHDkBiaXVca0ZViqrw4za3RVNIVuWRfG9WhaUV33CqFpkGRmqjSXrxyioQT9NDbLDvI0G-Q_24KyOeEIydP0kUF-_4BKYZL4A:1tkkD0:M70CRCNaaWHx3gjtZDELBAKpq-8e_Mz8FjXY9Na6sb4','2025-02-19 16:53:50.802224');
INSERT INTO django_session VALUES('hry5ua45j58r7rp0677b99f86gf8s1lp','.eJxVjksOgzAMRO_iNapoQvjt2h4kchxbVC0gEbJC3L0JolK79IzmPW9gMa6DjYEX-_TQQwPFb-aQXjzlAonmOK2B3hjCMs_j5ezC5fGNbml3Pxd_mAHDkBiaXVca0ZViqrw4za3RVNIVuWRfG9WhaUV33CqFpkGRmqjSXrxyioQT9NDbLDvI0G-Q_24KyOeEIydP0kUF-_4BKYZL4A:1tkkD1:_cOl7n4dYHHWIdUqeLinGoUiMFg_-VQnoQXBxDBXhZQ','2025-02-19 16:53:51.120626');
INSERT INTO django_session VALUES('iu7gnwqsspjzapg9wkxztm3e4lue04kc','.eJxVjksOgzAMRO_iNapoQvjt2h4kchxbVC0gEbJC3L0JolK79IzmPW9gMa6DjYEX-_TQQwPFb-aQXjzlAonmOK2B3hjCMs_j5ezC5fGNbml3Pxd_mAHDkBiaXVca0ZViqrw4za3RVNIVuWRfG9WhaUV33CqFpkGRmqjSXrxyioQT9NDbLDvI0G-Q_24KyOeEIydP0kUF-_4BKYZL4A:1tkkD1:_cOl7n4dYHHWIdUqeLinGoUiMFg_-VQnoQXBxDBXhZQ','2025-02-19 16:53:51.412589');
INSERT INTO django_session VALUES('9ivfgpngy0794ln97t5dhlcbse2871b7','.eJxVjksOgzAMRO_iNapoQvjt2h4kchxbVC0gEbJC3L0JolK79IzmPW9gMa6DjYEX-_TQQwPFb-aQXjzlAonmOK2B3hjCMs_j5ezC5fGNbml3Pxd_mAHDkBiaXVca0ZViqrw4za3RVNIVuWRfG9WhaUV33CqFpkGRmqjSXrxyioQT9NDbLDvI0G-Q_24KyOeEIydP0kUF-_4BKYZL4A:1tkkD1:_cOl7n4dYHHWIdUqeLinGoUiMFg_-VQnoQXBxDBXhZQ','2025-02-19 16:53:51.793091');
INSERT INTO django_session VALUES('uodj3lud62l2f1dijasoswff0vli7xi0','.eJxVjksOgzAMRO_iNapoQvjt2h4kchxbVC0gEbJC3L0JolK79IzmPW9gMa6DjYEX-_TQQwPFb-aQXjzlAonmOK2B3hjCMs_j5ezC5fGNbml3Pxd_mAHDkBiaXVca0ZViqrw4za3RVNIVuWRfG9WhaUV33CqFpkGRmqjSXrxyioQT9NDbLDvI0G-Q_24KyOeEIydP0kUF-_4BKYZL4A:1tkkD2:JQEdrwq8Ak7bGnxQo1fIcHp2NlquIUpe8D2hSDfr3tA','2025-02-19 16:53:52.111399');
INSERT INTO django_session VALUES('rcqkaz7umquyelx7huszxt7f2m8zr6py','.eJxVjksOgzAMRO_iNapoQvjt2h4kchxbVC0gEbJC3L0JolK79IzmPW9gMa6DjYEX-_TQQwPFb-aQXjzlAonmOK2B3hjCMs_j5ezC5fGNbml3Pxd_mAHDkBiaXVca0ZViqrw4za3RVNIVuWRfG9WhaUV33CqFpkGRmqjSXrxyioQT9NDbLDvI0G-Q_24KyOeEIydP0kUF-_4BKYZL4A:1tkkES:8YFkrt1_bMKQpSxE2jhVAibAtjs9vVLN5wynB7DuPAI','2025-02-19 16:55:20.093388');
INSERT INTO django_session VALUES('ctjl0tq9969sdzjuqh1fd6htm387955u','.eJxVi0sKwjAQhu-StZSkzavudO8Zwj-T0YgQoWlW4t2t0IVuv8dLJfS1pN5kSfesjsqowy8j8EPqV4D52evahh214YKKmyynLT7v2d9b0Mo2inMGwREbY0bJDiQjIXg9s56JEaMmLxZuulpGyDSJi1b7bCfkoKHeH9BONr0:1tkkgC:QWZwW5GZEGN0qbcQPHo08iYZpGnJ0q1HdmdalQEwidc','2025-02-19 17:24:00.951097');
INSERT INTO django_session VALUES('xod8yx4lhhtqwvycadtg2kckdv4s5xuu','.eJxVi0sKwjAQhu-StZSkzavudO8Zwj-T0YgQoWlW4t2t0IVuv8dLJfS1pN5kSfesjsqowy8j8EPqV4D52evahh214YKKmyynLT7v2d9b0Mo2inMGwREbY0bJDiQjIXg9s56JEaMmLxZuulpGyDSJi1b7bCfkoKHeH9BONr0:1tkvtG:LDwh6LuqIX4PYTVdDx0LEsOdHm0lMgYRWmIqH1h_Hbw','2025-02-20 05:22:14.704438');
INSERT INTO django_session VALUES('i7nyob3cm33jxzb02ccw3cxrdjkmkx5f','.eJxVi0sOwiAQQO_C2jT8CoM7u_cMZJgBMSaYlLIy3t2adKHb93mJiGOrcfS8xjuLs7Di9MsS0iO3r0Ci52hbnw7Upys2vOX1ssfLkf29FXvdR4BUSvGZldczBHCqJOW01KBc4mDIzY5ZGTQkjdccki7EZA1Y0JKTeH8AttI1-A:1tl15F:lF52SOWeLZaqd-0XNwYeQz_t-UZyzO-wh7kgpthGuOg','2025-02-20 10:54:57.129112');
INSERT INTO django_session VALUES('n5btkvfiq9zzy1cc8sp5ozc4kicazdxi','.eJxVjksOgzAMRO_iNapoQvjt2h4kchxbVC0gEbJC3L0JolK79IzmPW9gMa6DjYEX-_TQQwPFb-aQXjzlAonmOK2B3hjCMs_j5ezC5fGNbml3Pxd_mAHDkBiaXVca0ZViqrw4za3RVNIVuWRfG9WhaUV33CqFpkGRmqjSXrxyioQT9NDbLDvI0G-Q_24KyOeEIydP0kUF-_4BKYZL4A:1tkzUQ:oclqW23vlNv83dJZ0ZSNnIohYAw-FvcF3Fk-VxJ2l8Y','2025-02-20 09:12:50.017518');
INSERT INTO django_session VALUES('z1rkkhc2q2somqltchdc8xfm5ohdndx2','.eJxVjksOgzAMRO_iNapoQvjt2h4kchxbVC0gEbJC3L0JolK79IzmPW9gMa6DjYEX-_TQQwPFb-aQXjzlAonmOK2B3hjCMs_j5ezC5fGNbml3Pxd_mAHDkBiaXVca0ZViqrw4za3RVNIVuWRfG9WhaUV33CqFpkGRmqjSXrxyioQT9NDbLDvI0G-Q_24KyOeEIydP0kUF-_4BKYZL4A:1tkzd5:ead8LeGdsT9aVC_iGneVjXp_eyJs7j5zBZF5XXq97j4','2025-02-20 09:21:47.540109');
INSERT INTO django_session VALUES('w4m0kc9iws69pwsfhf5phv47xj7mxllb','.eJxVjksOgzAMRO_iNapoQvjt2h4kchxbVC0gEbJC3L0JolK79IzmPW9gMa6DjYEX-_TQQwPFb-aQXjzlAonmOK2B3hjCMs_j5ezC5fGNbml3Pxd_mAHDkBiaXVca0ZViqrw4za3RVNIVuWRfG9WhaUV33CqFpkGRmqjSXrxyioQT9NDbLDvI0G-Q_24KyOeEIydP0kUF-_4BKYZL4A:1tkzge:e8O1y04YmR5xfBiFfanznPQ1MbWSri94-7nLTr4wgm8','2025-02-20 09:25:28.914987');
INSERT INTO django_session VALUES('yvct4pyr7r4qlcu2zr1oojbh12fbwt6r','.eJxVizsOwjAMQO-SGVVx0nzMRnfOEKW2SxBSkJpmQtydInWA9X1eKuW-ldSbrOnO6qyMOv2yOdND6ldkomevWxsO1IZrrvkm62WPpyP7e0tuZR-jROFoZi2B2LLF0Tsdg2eDEZDIIdoI5C3QggIIHnyQsLiRPQNp9f4ArU41hg:1tlHt5:uiPYY8_8SkRkqEw_t3pznES3VpiWVrcD0WPqfPviJ6s','2025-02-21 04:51:31.652512');
INSERT INTO django_session VALUES('rc643laosqib5l8onns7drbhnzbc0gfb','.eJxVjksOgzAMRO_iNapoQvjt2h4kchxbVC0gEbJC3L0JolK79IzmPW9gMa6DjYEX-_TQQwPFb-aQXjzlAonmOK2B3hjCMs_j5ezC5fGNbml3Pxd_mAHDkBiaXVca0ZViqrw4za3RVNIVuWRfG9WhaUV33CqFpkGRmqjSXrxyioQT9NDbLDvI0G-Q_24KyOeEIydP0kUF-_4BKYZL4A:1tlO6O:SSoDExIBQN_FPAGev8iFNDL4lYXuSpwPDnarLeWCTwA','2025-02-21 11:29:40.055577');
INSERT INTO django_session VALUES('cs5o75irk50rusmwgb0itajpos6zog43','.eJxVjksOgzAMRO_iNapoQvjt2h4kchxbVC0gEbJC3L0JolK79IzmPW9gMa6DjYEX-_TQQwPFb-aQXjzlAonmOK2B3hjCMs_j5ezC5fGNbml3Pxd_mAHDkBiaXVca0ZViqrw4za3RVNIVuWRfG9WhaUV33CqFpkGRmqjSXrxyioQT9NDbLDvI0G-Q_24KyOeEIydP0kUF-_4BKYZL4A:1tlPNj:mGH-F6Q5SXiG7JPV-hYCFeTQz6U80rRYCTTUxKbX0jc','2025-02-21 12:51:39.335034');
INSERT INTO django_session VALUES('86h3xn3ffggul1xc5vu4oobonh8shpjw','.eJxVi0sKwjAQhu-StZSkzavudO8Zwj-T0YgQoWlW4t2t0IVuv8dLJfS1pN5kSfesjsqowy8j8EPqV4D52evahh214YKKmyynLT7v2d9b0Mo2inMGwREbY0bJDiQjIXg9s56JEaMmLxZuulpGyDSJi1b7bCfkoKHeH9BONr0:1tlQmH:dGKIvlonVzsgiy1FnEDabvzihAEK96r5YnM8SsKlkrE','2025-02-21 14:21:05.908879');
INSERT INTO django_session VALUES('ipt1itoyyqn3shmqsthcuvwaqsw0ax74','.eJxVizsOwjAMQO-SGVVx0nzMRnfOEKW2SxBSkJpmQtydInWA9X1eKuW-ldSbrOnO6qyMOv2yOdND6ldkomevWxsO1IZrrvkm62WPpyP7e0tuZR-jROFoZi2B2LLF0Tsdg2eDEZDIIdoI5C3QggIIHnyQsLiRPQNp9f4ArU41hg:1tlgz9:M_s-nFrbx-D_2dMJvseiy2DvoB7BYiY0UyQvnXLfUhE','2025-02-22 07:39:27.129940');
INSERT INTO django_session VALUES('gvhtqyfohx3swiuljlkkgp0emqhc8bfp','.eJxVi0sKAjEQRO-StQz5dD7jztl7htDpTowIESYzK_HuRpiFQlGLqvdeIuK-1bj3vMY7i7NQ4vS7JaRHbt8DiZ572_p0TH26YsNbXi8DXg7sz63Y6xDZm8I0GkAqmYqyJrF2vgS0c_IzsGKw5Dxn7UeSDQTBSioGktNOvD--wTX3:1tli0I:NB8icXZ7HL5nyNtph-3OmVsQvfU2e_2TO_9D0RB8osI','2025-02-22 08:44:42.675561');
INSERT INTO django_session VALUES('mmextvvgw4i8yt6ezamye3ffwpmx2t2x','.eJxVjssKgzAQRf9l1iIm5mHctf2QMElGLK0KxqzEf28iFtrVMHO558wOFtM22hRptc8APWiofm8O_YvmEqD3S5q36N8Y47osU31lsX58T7fcu1-NP8yIccyM1jBSSg8tcwMnCsK4ILRSjQyeG-dRBewEZ10ZGBjSQM5L2Rll0DQyQ0-9LbKTDP0O5W9dQVlnnCh7si5xOI4PABFLMw:1tlnwB:LPL7EDW6LZkaemYuhvMBVIyDAD5T-FB8IH9XpiyMSww','2025-02-22 15:04:51.449573');
INSERT INTO django_session VALUES('g08thrz4fut9y0gt4y3ijcnannpor6qn','.eJxVi0sOgjAQhu_StSFlqCO4k71naP6ZDtaY1ITCynh3MWGh2-_xchHrkuNabY735M6O3OGXCfRh5Sug-lzLUpsd1eaKgpvNly0e9-zvzah5G0Nv7G0SbntlChySP0KAwH3nT9YNhDZ5po5NJ00JCSKM0OpAJBD3_gDALTbs:1tm6AW:gaRLUYysLGfOWcu4H5KQfqNKzmN69hFYLx4PyzeUIvU','2025-02-23 10:32:52.574622');
INSERT INTO django_session VALUES('7cfv6snzjyv3l883ra0la9hlppbjeyrg','.eJxVi0sKAjEQRO-StQz5dD7jztl7htDpTowIESYzK_HuRpiFQlGLqvdeIuK-1bj3vMY7i7NQ4vS7JaRHbt8DiZ572_p0TH26YsNbXi8DXg7sz63Y6xDZm8I0GkAqmYqyJrF2vgS0c_IzsGKw5Dxn7UeSDQTBSioGktNOvD--wTX3:1tmB93:yKqx61HJLpP37nFH1E8hStqaCSdZXdS746w7OhuoPTU','2025-02-23 15:51:41.611137');
CREATE TABLE IF NOT EXISTS "classmanager_student" ("id" integer NOT NULL PRIMARY KEY AUTOINCREMENT, "name" varchar(200) NULL, "mail" varchar(200) NULL, "post" varchar(200) NULL, "address" varchar(200) NULL, "posted_at" datetime NULL, "manageruser_id" bigint NULL REFERENCES "accounts_manageruser" ("id") DEFERRABLE INITIALLY DEFERRED, "classroomuser_id" bigint NULL REFERENCES "accountsclassroom_classroomuser" ("id") DEFERRABLE INITIALLY DEFERRED);
INSERT INTO classmanager_student VALUES(75,'ジャック','hjkhh@hkh','456456','POST method OK!!','2025-01-25 11:47:14.742025',1,3);
INSERT INTO classmanager_student VALUES(78,'ジャック','hjkhh@hkh','','','2025-01-25 11:54:50.036302',1,3);
INSERT INTO classmanager_student VALUES(79,'田中','hjkhh@hkh','','','2025-01-25 11:57:36.315106',1,3);
INSERT INTO classmanager_student VALUES(80,'田中','dfs@dfs','','','2025-01-25 12:18:25.015242',1,3);
INSERT INTO classmanager_student VALUES(82,'ジャック','hjkhh@hkh','456456','','2025-01-25 13:50:32.103440',1,3);
INSERT INTO classmanager_student VALUES(83,'ジャック','dfs@dfs','','','2025-01-25 13:51:45.045698',1,3);
INSERT INTO classmanager_student VALUES(84,'ジャック','dfs@dfs','','','2025-01-25 13:51:47.670187',1,3);
INSERT INTO classmanager_student VALUES(85,'ジャック','dfs@dfs','','','2025-01-25 13:52:16.376469',1,6);
INSERT INTO classmanager_student VALUES(88,'ジャック','hjkhh@hkh','456456','','2025-01-26 05:56:41.491063',1,3);
INSERT INTO classmanager_student VALUES(96,'ジャック','hjkhh@hkh','456456','POST method OK!!','2025-01-26 06:57:51.026351',1,3);
INSERT INTO classmanager_student VALUES(112,'ジャック','hjkhh@hkh','','','2025-01-26 07:59:54.460604',1,3);
INSERT INTO classmanager_student VALUES(114,'田中あきら','hjkhh@hkh','456456','','2025-01-27 01:25:20.004423',1,3);
INSERT INTO classmanager_student VALUES(115,'田中','hjkhh@hkh','','','2025-01-27 12:12:59.262038',1,3);
INSERT INTO classmanager_student VALUES(123,'ジャック','hjkhh@hkh','','','2025-01-27 13:49:52.291408',1,3);
INSERT INTO classmanager_student VALUES(124,'田中','dfs@dfs','','','2025-01-27 14:00:49.008469',1,3);
INSERT INTO classmanager_student VALUES(126,'田中','hjkhh@hkh','456456','','2025-01-28 02:54:15.037849',1,3);
INSERT INTO classmanager_student VALUES(127,'ジャック','hjkhh@hkh','','','2025-01-30 12:35:57.771542',1,3);
INSERT INTO classmanager_student VALUES(128,'ジャック','hjkhh@hkh','','','2025-01-30 12:36:00.987708',1,3);
INSERT INTO classmanager_student VALUES(129,'田中','hjkhh@hkh','456456','','2025-01-31 09:25:03.036705',1,3);
INSERT INTO classmanager_student VALUES(130,'田中','hjkhh@hkh','','','2025-01-31 09:25:14.042908',1,3);
INSERT INTO classmanager_student VALUES(131,'木村','hjkhh@hkh','','','2025-02-07 09:15:08.067031',1,7);
INSERT INTO classmanager_student VALUES(133,'三関元哉','kawamurajimu@helen.ocn.ne.jp','','','2025-02-12 05:45:53.647254',4,8);
INSERT INTO classmanager_student VALUES(134,'伊藤美和','kawamurajimu@helen.ocn.ne.jp','','','2025-02-13 03:12:31.435268',4,8);
INSERT INTO classmanager_student VALUES(137,'ジャック','hjkhh@hkh','','','2025-02-18 00:58:02.139531',1,3);
INSERT INTO classmanager_student VALUES(138,'ジャック','hjkhh@hkh','','','2025-02-18 01:54:14.884264',1,7);
INSERT INTO classmanager_student VALUES(142,'田中','dfs@dfs','','','2025-02-19 01:58:57.502966',1,3);
INSERT INTO classmanager_student VALUES(143,'田中','htomo1@outlook.jp','','','2025-02-19 02:38:29.728224',1,7);
INSERT INTO classmanager_student VALUES(144,'村田 杏','kawamurajimu@helen.ocn.ne.jp','','','2025-02-20 05:21:25.606629',4,8);
INSERT INTO classmanager_student VALUES(145,'日比野 惺真','kawamurajimu@helen.ocn.ne.jp','','','2025-02-20 05:22:19.471685',4,8);
INSERT INTO classmanager_student VALUES(146,'野田 健成','kawamurajimu@helen.ocn.ne.jp','','','2025-02-20 05:22:54.524120',4,8);
INSERT INTO classmanager_student VALUES(147,'山本 季京','kawamurajimu@helen.ocn.ne.jp','','','2025-02-20 05:23:24.561468',4,8);
INSERT INTO classmanager_student VALUES(148,'渡辺 結月','kawamurajimu@helen.ocn.ne.jp','','','2025-02-20 05:24:01.524463',4,8);
INSERT INTO classmanager_student VALUES(149,'中川 瑞亀','kawamurajimu@helen.ocn.ne.jp','','','2025-02-20 05:24:32.625015',4,8);
INSERT INTO classmanager_student VALUES(150,'平野 佑','kawamurajimu@helen.ocn.ne.jp','','','2025-02-20 05:24:58.966965',4,8);
INSERT INTO classmanager_student VALUES(151,'大井 聡','kawamurajimu@helen.ocn.ne.jp','','','2025-02-20 05:25:20.894920',4,8);
INSERT INTO classmanager_student VALUES(152,'松野 恵大','kawamurajimu@helen.ocn.ne.jp','','','2025-02-20 05:25:48.630905',4,8);
INSERT INTO classmanager_student VALUES(153,'佐藤 来海','kawamurajimu@helen.ocn.ne.jp','','','2025-02-20 05:26:18.879062',4,8);
INSERT INTO classmanager_student VALUES(154,'岡部 心那','kawamurajimu@helen.ocn.ne.jp','','','2025-02-20 05:26:41.845110',4,8);
INSERT INTO classmanager_student VALUES(155,'池本 大悟','kawamurajimu@helen.ocn.ne.jp','','','2025-02-20 05:27:05.260669',4,8);
INSERT INTO classmanager_student VALUES(156,'山本 三琴','kawamurajimu@helen.ocn.ne.jp','','','2025-02-20 05:27:31.117001',4,8);
INSERT INTO classmanager_student VALUES(157,'渡邊 澪羽','kawamurajimu@helen.ocn.ne.jp','','','2025-02-20 05:27:59.507983',4,8);
INSERT INTO classmanager_student VALUES(158,'坂本 楓馬','kawamurajimu@helen.ocn.ne.jp','','','2025-02-20 05:29:46.134956',4,8);
INSERT INTO classmanager_student VALUES(159,'田邉 比呂斗','kawamurajimu@helen.ocn.ne.jp','','','2025-02-20 05:30:11.247909',4,8);
INSERT INTO classmanager_student VALUES(160,'谷川 澪音','kawamurajimu@helen.ocn.ne.jp','','','2025-02-20 05:30:32.755153',4,8);
INSERT INTO classmanager_student VALUES(161,'桜井 琴菜','kawamurajimu@helen.ocn.ne.jp','','','2025-02-20 05:31:05.566828',4,8);
INSERT INTO classmanager_student VALUES(162,'稲垣 侑女','kawamurajimu@helen.ocn.ne.jp','','','2025-02-20 05:31:30.231894',4,8);
INSERT INTO classmanager_student VALUES(163,'川瀬 彰介','kawamurajimu@helen.ocn.ne.jp','','','2025-02-20 05:31:51.325193',4,8);
INSERT INTO classmanager_student VALUES(164,'石田 煌','kawamurajimu@helen.ocn.ne.jp','','','2025-02-20 05:32:14.214737',4,8);
INSERT INTO classmanager_student VALUES(165,'ｊｈｋｊｈｌ','jkjh@jhk','','','2025-02-21 10:18:09.131252',1,7);
INSERT INTO classmanager_student VALUES(166,':pk','dfadsafafs@oio','','','2025-02-21 10:18:33.219214',1,7);
INSERT INTO classmanager_student VALUES(167,'ghfhgf','dfs@dfs','','','2025-02-21 10:18:50.233859',1,7);
INSERT INTO classmanager_student VALUES(168,'fess','hjkhh@hkh','','','2025-02-21 10:19:02.795010',1,3);
INSERT INTO classmanager_student VALUES(169,'hgjgjh','hvhv@oij','','','2025-02-21 10:19:15.566405',1,7);
INSERT INTO classmanager_student VALUES(170,'gcgcgc','hjkhh@hkh','','','2025-02-21 10:19:26.324236',1,7);
INSERT INTO classmanager_student VALUES(171,'klkj;lnk','nvhvh@jooi','','','2025-02-21 10:19:51.896804',1,7);
CREATE TABLE IF NOT EXISTS "classmanager_subject" ("id" integer NOT NULL PRIMARY KEY AUTOINCREMENT, "title" varchar(200) NULL, "posted_at" datetime NULL, "manageruser_id" bigint NULL REFERENCES "accounts_manageruser" ("id") DEFERRABLE INITIALLY DEFERRED);
INSERT INTO classmanager_subject VALUES(1,'国語','2025-01-25 02:15:49.362575',1);
INSERT INTO classmanager_subject VALUES(2,'算数','2025-01-25 03:01:51.311167',1);
INSERT INTO classmanager_subject VALUES(3,'社会','2025-01-25 03:33:02.008545',1);
INSERT INTO classmanager_subject VALUES(4,'情報','2025-01-25 03:33:12.420829',1);
INSERT INTO classmanager_subject VALUES(5,'理科','2025-01-25 03:33:20.296387',1);
INSERT INTO classmanager_subject VALUES(6,'数Ⅰ','2025-01-27 00:01:14.400019',1);
INSERT INTO classmanager_subject VALUES(7,'数Ⅱ','2025-01-27 00:01:23.709446',1);
INSERT INTO classmanager_subject VALUES(8,'現代文','2025-01-27 00:01:37.907364',1);
INSERT INTO classmanager_subject VALUES(9,'古典','2025-01-27 00:01:47.937934',1);
INSERT INTO classmanager_subject VALUES(10,'英語','2025-02-12 05:27:33.861395',4);
INSERT INTO classmanager_subject VALUES(11,'数学','2025-02-12 05:27:44.617202',4);
INSERT INTO classmanager_subject VALUES(12,'理科','2025-02-12 05:27:54.022238',4);
INSERT INTO classmanager_subject VALUES(13,'社会','2025-02-12 05:28:04.980452',4);
INSERT INTO classmanager_subject VALUES(14,'国語','2025-02-12 05:28:13.698935',4);
INSERT INTO classmanager_subject VALUES(15,'算数','2025-02-12 05:28:45.790633',4);
INSERT INTO classmanager_subject VALUES(16,'英語Ⅰ','2025-02-12 05:29:03.049837',4);
INSERT INTO classmanager_subject VALUES(17,'英語Ⅱ','2025-02-12 05:29:10.226932',4);
INSERT INTO classmanager_subject VALUES(21,'中受算数','2025-02-12 05:30:17.103620',4);
INSERT INTO classmanager_subject VALUES(22,'中受国語','2025-02-12 05:30:25.191073',4);
INSERT INTO classmanager_subject VALUES(23,'中受理科','2025-02-12 05:30:32.357615',4);
INSERT INTO classmanager_subject VALUES(24,'中受社会','2025-02-12 05:30:39.633093',4);
INSERT INTO classmanager_subject VALUES(30,'5科目一斉','2025-02-20 05:28:30.350368',4);
INSERT INTO classmanager_subject VALUES(31,'国語','2025-02-22 04:32:13.747197',2);
CREATE TABLE IF NOT EXISTS "classmanager_schoolsubject" ("id" integer NOT NULL PRIMARY KEY AUTOINCREMENT, "school_id" bigint NULL REFERENCES "classmanager_studentschool" ("id") DEFERRABLE INITIALLY DEFERRED, "subject_id" bigint NULL REFERENCES "classmanager_subject" ("id") DEFERRABLE INITIALLY DEFERRED);
INSERT INTO classmanager_schoolsubject VALUES(1,34,1);
INSERT INTO classmanager_schoolsubject VALUES(2,34,2);
INSERT INTO classmanager_schoolsubject VALUES(12,36,1);
INSERT INTO classmanager_schoolsubject VALUES(13,36,2);
INSERT INTO classmanager_schoolsubject VALUES(14,36,3);
INSERT INTO classmanager_schoolsubject VALUES(15,36,4);
INSERT INTO classmanager_schoolsubject VALUES(16,36,5);
INSERT INTO classmanager_schoolsubject VALUES(17,35,1);
INSERT INTO classmanager_schoolsubject VALUES(18,35,2);
INSERT INTO classmanager_schoolsubject VALUES(19,35,3);
INSERT INTO classmanager_schoolsubject VALUES(20,35,4);
INSERT INTO classmanager_schoolsubject VALUES(21,33,2);
INSERT INTO classmanager_schoolsubject VALUES(22,33,3);
INSERT INTO classmanager_schoolsubject VALUES(27,29,2);
INSERT INTO classmanager_schoolsubject VALUES(28,29,3);
INSERT INTO classmanager_schoolsubject VALUES(29,29,4);
INSERT INTO classmanager_schoolsubject VALUES(30,29,5);
INSERT INTO classmanager_schoolsubject VALUES(31,28,2);
INSERT INTO classmanager_schoolsubject VALUES(32,28,3);
INSERT INTO classmanager_schoolsubject VALUES(33,28,4);
INSERT INTO classmanager_schoolsubject VALUES(34,37,1);
INSERT INTO classmanager_schoolsubject VALUES(35,37,2);
INSERT INTO classmanager_schoolsubject VALUES(36,40,1);
INSERT INTO classmanager_schoolsubject VALUES(47,51,2);
INSERT INTO classmanager_schoolsubject VALUES(48,51,3);
INSERT INTO classmanager_schoolsubject VALUES(52,65,5);
INSERT INTO classmanager_schoolsubject VALUES(59,25,3);
INSERT INTO classmanager_schoolsubject VALUES(60,25,4);
INSERT INTO classmanager_schoolsubject VALUES(61,25,5);
INSERT INTO classmanager_schoolsubject VALUES(77,71,1);
INSERT INTO classmanager_schoolsubject VALUES(78,71,2);
INSERT INTO classmanager_schoolsubject VALUES(84,73,3);
INSERT INTO classmanager_schoolsubject VALUES(95,81,3);
INSERT INTO classmanager_schoolsubject VALUES(96,82,2);
INSERT INTO classmanager_schoolsubject VALUES(105,85,5);
INSERT INTO classmanager_schoolsubject VALUES(108,84,1);
INSERT INTO classmanager_schoolsubject VALUES(109,84,2);
INSERT INTO classmanager_schoolsubject VALUES(110,86,5);
INSERT INTO classmanager_schoolsubject VALUES(111,86,6);
INSERT INTO classmanager_schoolsubject VALUES(118,89,6);
INSERT INTO classmanager_schoolsubject VALUES(119,89,7);
INSERT INTO classmanager_schoolsubject VALUES(120,89,8);
INSERT INTO classmanager_schoolsubject VALUES(121,89,9);
INSERT INTO classmanager_schoolsubject VALUES(135,95,2);
INSERT INTO classmanager_schoolsubject VALUES(136,96,5);
INSERT INTO classmanager_schoolsubject VALUES(140,100,4);
INSERT INTO classmanager_schoolsubject VALUES(141,101,5);
INSERT INTO classmanager_schoolsubject VALUES(142,48,1);
INSERT INTO classmanager_schoolsubject VALUES(143,88,6);
INSERT INTO classmanager_schoolsubject VALUES(144,87,5);
INSERT INTO classmanager_schoolsubject VALUES(145,87,6);
INSERT INTO classmanager_schoolsubject VALUES(146,90,2);
INSERT INTO classmanager_schoolsubject VALUES(147,102,11);
INSERT INTO classmanager_schoolsubject VALUES(148,103,10);
INSERT INTO classmanager_schoolsubject VALUES(149,103,11);
INSERT INTO classmanager_schoolsubject VALUES(150,104,10);
INSERT INTO classmanager_schoolsubject VALUES(151,104,11);
INSERT INTO classmanager_schoolsubject VALUES(152,105,11);
INSERT INTO classmanager_schoolsubject VALUES(153,106,11);
INSERT INTO classmanager_schoolsubject VALUES(154,107,11);
INSERT INTO classmanager_schoolsubject VALUES(155,108,10);
INSERT INTO classmanager_schoolsubject VALUES(156,108,11);
INSERT INTO classmanager_schoolsubject VALUES(157,109,10);
INSERT INTO classmanager_schoolsubject VALUES(158,109,11);
INSERT INTO classmanager_schoolsubject VALUES(159,110,11);
INSERT INTO classmanager_schoolsubject VALUES(160,111,11);
INSERT INTO classmanager_schoolsubject VALUES(161,112,10);
INSERT INTO classmanager_schoolsubject VALUES(162,112,11);
INSERT INTO classmanager_schoolsubject VALUES(163,113,10);
INSERT INTO classmanager_schoolsubject VALUES(164,113,11);
INSERT INTO classmanager_schoolsubject VALUES(175,115,30);
INSERT INTO classmanager_schoolsubject VALUES(176,114,30);
INSERT INTO classmanager_schoolsubject VALUES(177,116,30);
INSERT INTO classmanager_schoolsubject VALUES(178,117,30);
INSERT INTO classmanager_schoolsubject VALUES(181,118,10);
INSERT INTO classmanager_schoolsubject VALUES(182,118,11);
INSERT INTO classmanager_schoolsubject VALUES(183,118,12);
INSERT INTO classmanager_schoolsubject VALUES(184,119,10);
INSERT INTO classmanager_schoolsubject VALUES(185,119,11);
INSERT INTO classmanager_schoolsubject VALUES(186,120,10);
INSERT INTO classmanager_schoolsubject VALUES(187,120,11);
INSERT INTO classmanager_schoolsubject VALUES(188,121,30);
INSERT INTO classmanager_schoolsubject VALUES(189,122,30);
INSERT INTO classmanager_schoolsubject VALUES(190,123,9);
INSERT INTO classmanager_schoolsubject VALUES(191,124,9);
INSERT INTO classmanager_schoolsubject VALUES(192,125,9);
INSERT INTO classmanager_schoolsubject VALUES(193,126,6);
INSERT INTO classmanager_schoolsubject VALUES(194,127,5);
INSERT INTO classmanager_schoolsubject VALUES(195,128,1);
INSERT INTO classmanager_schoolsubject VALUES(196,129,6);
CREATE TABLE IF NOT EXISTS "classmanager_teacher" ("id" integer NOT NULL PRIMARY KEY AUTOINCREMENT, "teacher_id" varchar(200) NULL, "name" varchar(200) NULL, "mail" varchar(200) NULL, "post" varchar(200) NULL, "address" varchar(200) NULL, "phone1" varchar(200) NULL, "note" varchar(200) NULL, "posted_at" datetime NULL, "manageruser_id" bigint NULL REFERENCES "accounts_manageruser" ("id") DEFERRABLE INITIALLY DEFERRED, "classroomuser_id" bigint NULL REFERENCES "accountsclassroom_classroomuser" ("id") DEFERRABLE INITIALLY DEFERRED);
INSERT INTO classmanager_teacher VALUES(4,'4658798','田中太郎','odfjfidos@jfidosf.com','789456','岐阜県','789456','水金土','2025-01-29 03:26:40.472640',1,3);
INSERT INTO classmanager_teacher VALUES(5,'456456','棚卸','odfjfidos@jfidosf.com','789456','岐阜県','789456','テスト','2025-01-29 03:40:04.118489',1,3);
INSERT INTO classmanager_teacher VALUES(7,'456456f','棚卸','odfjfidos@jfidosf.com','','','','','2025-01-31 12:26:47.933430',1,3);
INSERT INTO classmanager_teacher VALUES(8,'4564561','棚卸','odfjfidos@jfidosf.com','','','','','2025-01-31 12:44:39.539887',1,6);
INSERT INTO classmanager_teacher VALUES(9,'123456','田中太郎','odfjfidos@jfidosf.com','','','','','2025-02-02 00:59:16.563869',1,7);
INSERT INTO classmanager_teacher VALUES(10,'h001','山下 祥毅','kawamurajimu@helen.ocn.ne.jp','','','','','2025-02-12 05:47:43.880321',4,8);
INSERT INTO classmanager_teacher VALUES(11,'h002','松久保 拓斗','kawamurajimu@helen.ocn.ne.jp','','','','','2025-02-20 05:00:27.840430',4,8);
INSERT INTO classmanager_teacher VALUES(12,'h003','南 歩希','kawamurajimu@helen.ocn.ne.jp','','','','','2025-02-20 05:01:43.568546',4,8);
INSERT INTO classmanager_teacher VALUES(13,'h000','常勤','kawamurajimu@helen.ocn.ne.jp','','','','','2025-02-20 05:34:08.809213',4,8);
CREATE TABLE IF NOT EXISTS "classmanager_period" ("id" integer NOT NULL PRIMARY KEY AUTOINCREMENT, "title" varchar(200) NULL, "end_time" time NULL, "manageruser_id" bigint NULL REFERENCES "accounts_manageruser" ("id") DEFERRABLE INITIALLY DEFERRED, "start_time" time NULL);
INSERT INTO classmanager_period VALUES(1,'ｋ','12:54:00',1,'12:49:00');
INSERT INTO classmanager_period VALUES(2,'一限目','10:00:00',1,'09:00:00');
INSERT INTO classmanager_period VALUES(3,'二限目','12:00:00',1,'11:00:00');
INSERT INTO classmanager_period VALUES(4,'三','15:00:00',1,'14:00:00');
INSERT INTO classmanager_period VALUES(5,'2時限','14:06:00',1,'13:06:00');
INSERT INTO classmanager_period VALUES(6,'夜1時限','20:30:00',4,'19:10:00');
INSERT INTO classmanager_period VALUES(7,'夜2時限','21:50:00',4,'20:30:00');
INSERT INTO classmanager_period VALUES(8,'夕1時限','17:00:00',4,'16:15:00');
INSERT INTO classmanager_period VALUES(9,'夕2時限','17:45:00',4,'17:00:00');
INSERT INTO classmanager_period VALUES(10,'夕3時限','18:30:00',4,'17:45:00');
CREATE TABLE IF NOT EXISTS "classmanager_report" ("id" integer NOT NULL PRIMARY KEY AUTOINCREMENT, "flag" bool NOT NULL, "behindtime" varchar(200) NULL, "earlytime" varchar(200) NULL, "date" date NULL, "classroomuser_id" bigint NULL REFERENCES "accountsclassroom_classroomuser" ("id") DEFERRABLE INITIALLY DEFERRED, "student_id" bigint NOT NULL REFERENCES "classmanager_student" ("id") DEFERRABLE INITIALLY DEFERRED, "teacher_id" bigint NOT NULL REFERENCES "classmanager_teacher" ("id") DEFERRABLE INITIALLY DEFERRED, "attendance" varchar(200) NULL, "homework" varchar(200) NULL, "managermessage" varchar(200) NULL, "nextlesson" varchar(200) NULL, "parentsmessage" varchar(200) NULL, "poster" varchar(200) NULL, "teachermessage" varchar(200) NULL, "understand" varchar(200) NULL, "period_id" bigint NULL REFERENCES "classmanager_period" ("id") DEFERRABLE INITIALLY DEFERRED, "posted_at" datetime NULL, "achievement" varchar(200) NULL);
INSERT INTO classmanager_report VALUES(1,1,'10分','10分','2025-02-09',7,131,9,'欠席','','','',NULL,'1','','1',1,'2025-02-09 08:08:32.328787','1');
INSERT INTO classmanager_report VALUES(2,0,'10分','10分','2025-02-09',7,131,9,'出席','','ｊ；ｈｈｊｋ','',NULL,'1','','1',2,'2025-02-09 08:41:33.066748','1');
INSERT INTO classmanager_report VALUES(5,0,'なし','なし','2025-02-10',7,131,9,'出席','','挨拶','','3','5','ありがとうございます。','5',1,'2025-02-10 01:50:06.299171','5');
INSERT INTO classmanager_report VALUES(6,0,'なし','なし','2025-02-11',7,131,9,'出席','','','',NULL,'1','','4',1,'2025-02-11 01:46:32.819480','1');
INSERT INTO classmanager_report VALUES(7,0,'10分','10分','2025-02-12',7,131,9,'出席','hiuhhu','よろしくお願いいたします','jhihu','5','1','ijjjpjiojoi','1',1,'2025-02-12 03:16:59.924710','4');
INSERT INTO classmanager_report VALUES(9,0,'10分','10分','2025-02-13',8,133,10,'出席','P134','よろしく','L4','4','5','がんばりました','5',6,'2025-02-13 03:39:29.266648','3');
INSERT INTO classmanager_report VALUES(10,1,'10分','10分','2025-02-19',7,131,9,'出席','k','','k','5','1','kk','1',1,'2025-02-19 13:08:39.403206','1');
INSERT INTO classmanager_report VALUES(11,1,'なし','なし','2025-02-19',7,138,9,'出席','jj','','jj','3','1',',ll','1',1,'2025-02-19 13:24:33.227888','1');
INSERT INTO classmanager_report VALUES(12,0,'なし','なし','2025-02-19',7,143,9,'出席','さは','','はひ','5','1','はま','1',1,'2025-02-19 13:35:44.177627','1');
INSERT INTO classmanager_report VALUES(13,1,'なし','なし','2025-02-20',7,131,9,'出席','Yv','','Hv','5','5','Ft','5',1,'2025-02-20 06:06:45.986802','1');
INSERT INTO classmanager_report VALUES(14,0,'なし','なし','2025-02-21',7,131,9,'出席','みゃ','横幅が','^_^ゆなや','5','1','まわやま','1',1,'2025-02-21 09:51:33.341214','1');
INSERT INTO classmanager_report VALUES(15,0,'なし','なし','2025-02-21',7,170,9,'出席','かだかだ','お疲れ様でした','かわたかたわたか','4','1','かたやたや','1',1,'2025-02-21 11:00:41.373261','1');
INSERT INTO classmanager_report VALUES(16,1,'なし','なし','2025-02-21',7,169,9,'出席','アヤあやさあに','','かにやなゆひなあ','3','1','何故アワあな','1',1,'2025-02-21 11:03:43.300098','5');
INSERT INTO classmanager_report VALUES(17,1,'30分~','30分~','2025-02-21',7,138,9,'出席','やなやこゆ','','なそゆな','4','5','よくでいな','5',1,'2025-02-21 11:05:29.633979','5');
INSERT INTO classmanager_report VALUES(18,1,'なし','なし','2025-02-21',7,165,9,'出席','きがか','','はなわさ','5','1','にさわ','1',1,'2025-02-21 11:06:46.254600','1');
CREATE TABLE IF NOT EXISTS "classmanager_classschedule" ("id" integer NOT NULL PRIMARY KEY AUTOINCREMENT, "student_id" bigint NOT NULL REFERENCES "classmanager_student" ("id") DEFERRABLE INITIALLY DEFERRED, "teacher_id" bigint NOT NULL REFERENCES "classmanager_teacher" ("id") DEFERRABLE INITIALLY DEFERRED, "classroomuser_id" bigint NULL REFERENCES "accountsclassroom_classroomuser" ("id") DEFERRABLE INITIALLY DEFERRED, "period_id" bigint NULL REFERENCES "classmanager_period" ("id") DEFERRABLE INITIALLY DEFERRED, "date" date NULL, "flag" bool NOT NULL);
INSERT INTO classmanager_classschedule VALUES(5,75,4,3,1,'2025-01-23',1);
INSERT INTO classmanager_classschedule VALUES(6,75,4,3,1,'2025-01-18',1);
INSERT INTO classmanager_classschedule VALUES(8,75,4,3,2,'2025-01-25',1);
INSERT INTO classmanager_classschedule VALUES(10,115,4,3,2,'2025-01-31',1);
INSERT INTO classmanager_classschedule VALUES(15,129,7,6,2,'2025-01-31',1);
INSERT INTO classmanager_classschedule VALUES(16,84,4,6,1,'2025-02-01',1);
INSERT INTO classmanager_classschedule VALUES(17,75,4,3,2,'2025-01-31',1);
INSERT INTO classmanager_classschedule VALUES(18,75,4,3,2,'2025-02-01',1);
INSERT INTO classmanager_classschedule VALUES(20,75,4,3,2,'2025-01-31',1);
INSERT INTO classmanager_classschedule VALUES(22,75,4,3,1,'2025-02-02',1);
INSERT INTO classmanager_classschedule VALUES(23,75,4,3,1,'2025-02-02',1);
INSERT INTO classmanager_classschedule VALUES(24,114,4,3,2,'2025-02-01',1);
INSERT INTO classmanager_classschedule VALUES(25,78,9,3,5,'2025-02-03',1);
INSERT INTO classmanager_classschedule VALUES(26,79,9,3,5,'2025-02-03',1);
INSERT INTO classmanager_classschedule VALUES(27,88,9,3,5,'2025-02-03',1);
INSERT INTO classmanager_classschedule VALUES(28,79,9,3,5,'2025-02-05',1);
INSERT INTO classmanager_classschedule VALUES(40,75,4,6,1,'2025-02-02',1);
INSERT INTO classmanager_classschedule VALUES(41,75,4,7,1,'2025-02-07',1);
INSERT INTO classmanager_classschedule VALUES(42,75,5,7,1,'2025-02-07',1);
INSERT INTO classmanager_classschedule VALUES(43,75,4,7,1,'2025-02-07',1);
INSERT INTO classmanager_classschedule VALUES(44,75,4,7,1,'2025-02-07',1);
INSERT INTO classmanager_classschedule VALUES(45,78,4,7,1,'2025-02-07',1);
INSERT INTO classmanager_classschedule VALUES(46,78,9,7,1,'2025-02-07',1);
INSERT INTO classmanager_classschedule VALUES(47,85,8,3,2,'2025-02-13',1);
INSERT INTO classmanager_classschedule VALUES(48,85,8,3,2,'2025-02-20',1);
INSERT INTO classmanager_classschedule VALUES(49,85,8,3,2,'2025-02-27',1);
INSERT INTO classmanager_classschedule VALUES(56,131,9,7,1,'2025-02-14',1);
INSERT INTO classmanager_classschedule VALUES(57,131,9,7,1,'2025-02-28',1);
INSERT INTO classmanager_classschedule VALUES(58,131,9,7,1,'2025-02-21',0);
INSERT INTO classmanager_classschedule VALUES(59,131,9,7,1,'2025-02-07',1);
INSERT INTO classmanager_classschedule VALUES(60,131,9,7,1,'2025-02-13',1);
INSERT INTO classmanager_classschedule VALUES(61,131,9,7,1,'2025-02-14',1);
INSERT INTO classmanager_classschedule VALUES(62,131,9,7,1,'2025-02-08',1);
INSERT INTO classmanager_classschedule VALUES(63,131,9,7,1,'2025-02-16',1);
INSERT INTO classmanager_classschedule VALUES(64,131,9,7,1,'2025-02-17',1);
INSERT INTO classmanager_classschedule VALUES(65,131,9,7,1,'2025-02-18',1);
INSERT INTO classmanager_classschedule VALUES(66,131,9,7,1,'2025-02-09',1);
INSERT INTO classmanager_classschedule VALUES(67,131,9,7,1,'2025-02-20',0);
INSERT INTO classmanager_classschedule VALUES(68,131,9,7,1,'2025-02-10',1);
INSERT INTO classmanager_classschedule VALUES(69,131,9,7,1,'2025-02-22',1);
INSERT INTO classmanager_classschedule VALUES(70,131,9,7,1,'2025-02-23',1);
INSERT INTO classmanager_classschedule VALUES(71,131,9,7,1,'2025-02-15',1);
INSERT INTO classmanager_classschedule VALUES(72,131,9,7,1,'2025-02-11',1);
INSERT INTO classmanager_classschedule VALUES(73,131,9,7,1,'2025-02-26',1);
INSERT INTO classmanager_classschedule VALUES(74,131,9,7,1,'2025-02-27',1);
INSERT INTO classmanager_classschedule VALUES(75,131,9,7,1,'2025-02-24',1);
INSERT INTO classmanager_classschedule VALUES(76,166,9,7,1,'2025-02-12',0);
INSERT INTO classmanager_classschedule VALUES(77,131,9,7,1,'2025-02-28',1);
INSERT INTO classmanager_classschedule VALUES(78,131,9,7,1,'2025-02-21',0);
INSERT INTO classmanager_classschedule VALUES(79,131,9,7,1,'2025-02-25',1);
INSERT INTO classmanager_classschedule VALUES(80,131,9,7,1,'2025-02-19',0);
INSERT INTO classmanager_classschedule VALUES(81,131,9,7,1,'2025-02-01',1);
INSERT INTO classmanager_classschedule VALUES(82,131,9,7,1,'2025-02-04',1);
INSERT INTO classmanager_classschedule VALUES(83,131,9,7,1,'2025-02-06',1);
INSERT INTO classmanager_classschedule VALUES(85,131,9,7,1,'2025-02-27',1);
INSERT INTO classmanager_classschedule VALUES(86,131,9,7,1,'2025-02-20',1);
INSERT INTO classmanager_classschedule VALUES(87,131,9,7,1,'2025-02-08',1);
INSERT INTO classmanager_classschedule VALUES(88,131,9,7,1,'2025-02-06',1);
INSERT INTO classmanager_classschedule VALUES(89,131,9,7,1,'2025-02-09',1);
INSERT INTO classmanager_classschedule VALUES(90,131,9,7,1,'2025-02-07',1);
INSERT INTO classmanager_classschedule VALUES(91,131,9,7,1,'2025-02-13',1);
INSERT INTO classmanager_classschedule VALUES(92,131,9,7,1,'2025-02-12',1);
INSERT INTO classmanager_classschedule VALUES(93,138,9,7,1,'2025-02-11',1);
INSERT INTO classmanager_classschedule VALUES(94,131,9,7,1,'2025-02-10',1);
INSERT INTO classmanager_classschedule VALUES(110,131,9,7,1,'2025-02-01',1);
INSERT INTO classmanager_classschedule VALUES(111,131,9,7,1,'2025-02-05',1);
INSERT INTO classmanager_classschedule VALUES(112,131,9,7,1,'2025-02-01',1);
INSERT INTO classmanager_classschedule VALUES(115,131,9,7,2,'2025-02-09',1);
INSERT INTO classmanager_classschedule VALUES(118,131,9,7,1,'2025-03-04',1);
INSERT INTO classmanager_classschedule VALUES(119,131,9,7,1,'2025-03-04',1);
INSERT INTO classmanager_classschedule VALUES(120,131,9,7,1,'2025-03-03',1);
INSERT INTO classmanager_classschedule VALUES(121,131,9,7,1,'2025-03-05',1);
INSERT INTO classmanager_classschedule VALUES(123,131,9,7,1,'2025-03-19',1);
INSERT INTO classmanager_classschedule VALUES(124,131,9,7,1,'2025-03-26',1);
INSERT INTO classmanager_classschedule VALUES(125,131,9,7,1,'2025-03-22',1);
INSERT INTO classmanager_classschedule VALUES(126,131,9,7,1,'2025-03-29',1);
INSERT INTO classmanager_classschedule VALUES(127,131,9,7,1,'2025-03-07',1);
INSERT INTO classmanager_classschedule VALUES(128,131,9,7,1,'2025-03-14',1);
INSERT INTO classmanager_classschedule VALUES(129,131,9,7,1,'2025-03-28',1);
INSERT INTO classmanager_classschedule VALUES(130,131,9,7,1,'2025-03-21',1);
INSERT INTO classmanager_classschedule VALUES(133,133,10,8,6,'2025-02-13',0);
INSERT INTO classmanager_classschedule VALUES(134,133,10,8,6,'2025-02-20',1);
INSERT INTO classmanager_classschedule VALUES(135,133,10,8,6,'2025-02-27',1);
INSERT INTO classmanager_classschedule VALUES(140,134,10,8,7,'2025-03-21',1);
INSERT INTO classmanager_classschedule VALUES(141,134,10,8,7,'2025-03-14',1);
INSERT INTO classmanager_classschedule VALUES(142,134,10,8,7,'2025-03-28',1);
INSERT INTO classmanager_classschedule VALUES(144,138,9,7,1,'2025-02-19',0);
INSERT INTO classmanager_classschedule VALUES(145,143,9,7,1,'2025-02-19',0);
INSERT INTO classmanager_classschedule VALUES(146,162,13,8,6,'2025-03-01',1);
INSERT INTO classmanager_classschedule VALUES(147,162,13,8,6,'2025-02-22',1);
INSERT INTO classmanager_classschedule VALUES(148,162,13,8,6,'2025-03-08',1);
INSERT INTO classmanager_classschedule VALUES(149,162,13,8,6,'2025-03-15',1);
INSERT INTO classmanager_classschedule VALUES(150,162,13,8,6,'2025-03-29',1);
INSERT INTO classmanager_classschedule VALUES(151,162,13,8,6,'2025-03-22',1);
INSERT INTO classmanager_classschedule VALUES(152,161,13,8,6,'2025-02-22',1);
INSERT INTO classmanager_classschedule VALUES(153,161,13,8,6,'2025-03-01',1);
INSERT INTO classmanager_classschedule VALUES(154,161,13,8,6,'2025-03-22',1);
INSERT INTO classmanager_classschedule VALUES(155,161,13,8,6,'2025-03-15',1);
INSERT INTO classmanager_classschedule VALUES(156,161,13,8,6,'2025-03-29',1);
INSERT INTO classmanager_classschedule VALUES(157,161,13,8,6,'2025-03-08',1);
INSERT INTO classmanager_classschedule VALUES(159,149,13,8,7,'2025-03-22',1);
INSERT INTO classmanager_classschedule VALUES(160,149,13,8,7,'2025-03-15',1);
INSERT INTO classmanager_classschedule VALUES(161,149,13,8,7,'2025-03-29',1);
INSERT INTO classmanager_classschedule VALUES(162,149,13,8,7,'2025-03-08',1);
INSERT INTO classmanager_classschedule VALUES(163,149,13,8,7,'2025-03-01',1);
INSERT INTO classmanager_classschedule VALUES(164,151,13,8,7,'2025-03-22',1);
INSERT INTO classmanager_classschedule VALUES(165,151,13,8,7,'2025-03-01',1);
INSERT INTO classmanager_classschedule VALUES(166,151,13,8,7,'2025-03-08',1);
INSERT INTO classmanager_classschedule VALUES(167,151,13,8,7,'2025-02-22',1);
INSERT INTO classmanager_classschedule VALUES(168,151,13,8,7,'2025-03-15',1);
INSERT INTO classmanager_classschedule VALUES(169,151,13,8,7,'2025-03-29',1);
INSERT INTO classmanager_classschedule VALUES(170,150,13,8,7,'2025-02-22',1);
INSERT INTO classmanager_classschedule VALUES(171,150,13,8,7,'2025-03-15',1);
INSERT INTO classmanager_classschedule VALUES(172,150,13,8,7,'2025-03-29',1);
INSERT INTO classmanager_classschedule VALUES(173,150,13,8,7,'2025-03-22',1);
INSERT INTO classmanager_classschedule VALUES(174,150,13,8,7,'2025-03-08',1);
INSERT INTO classmanager_classschedule VALUES(175,150,13,8,7,'2025-03-01',1);
INSERT INTO classmanager_classschedule VALUES(176,149,13,8,7,'2025-02-22',1);
INSERT INTO classmanager_classschedule VALUES(178,149,13,8,7,'2025-03-15',1);
INSERT INTO classmanager_classschedule VALUES(180,149,13,8,7,'2025-03-22',1);
INSERT INTO classmanager_classschedule VALUES(181,149,13,8,7,'2025-03-29',1);
INSERT INTO classmanager_classschedule VALUES(182,147,10,8,7,'2025-02-20',1);
INSERT INTO classmanager_classschedule VALUES(183,147,10,8,7,'2025-02-27',1);
INSERT INTO classmanager_classschedule VALUES(184,147,10,8,7,'2025-03-06',1);
INSERT INTO classmanager_classschedule VALUES(185,147,10,8,7,'2025-03-13',1);
INSERT INTO classmanager_classschedule VALUES(186,147,10,8,7,'2025-03-27',1);
INSERT INTO classmanager_classschedule VALUES(187,147,10,8,7,'2025-03-20',1);
INSERT INTO classmanager_classschedule VALUES(189,170,9,7,1,'2025-02-21',0);
INSERT INTO classmanager_classschedule VALUES(190,169,9,7,1,'2025-02-21',0);
INSERT INTO classmanager_classschedule VALUES(192,138,9,7,1,'2025-02-21',0);
INSERT INTO classmanager_classschedule VALUES(193,165,9,7,1,'2025-02-21',0);
CREATE TABLE IF NOT EXISTS "accounts_manageruser" ("id" integer NOT NULL PRIMARY KEY AUTOINCREMENT, "password" varchar(128) NOT NULL, "last_login" datetime NULL, "is_superuser" bool NOT NULL, "username" varchar(150) NOT NULL UNIQUE, "first_name" varchar(150) NOT NULL, "last_name" varchar(150) NOT NULL, "email" varchar(254) NOT NULL, "is_staff" bool NOT NULL, "is_active" bool NOT NULL, "date_joined" datetime NOT NULL, "post" varchar(200) NULL, "send_email_address" varchar(254) NULL, "email_setting" bool NOT NULL);
INSERT INTO accounts_manageruser VALUES(1,'pbkdf2_sha256$870000$YP2U4GdcFGdzQj4xdJUCmS$6VrY3Fy/dLABEOXcfjerFg7PUAOeKUpa6JEanevuunU=','2025-02-23 12:31:41.597175',0,'manager','','','htomo1@outlook.jp',0,1,'2025-01-19 12:08:03.907870',NULL,'to9@i.softbank.jp',0);
INSERT INTO accounts_manageruser VALUES(2,'pbkdf2_sha256$870000$qQm59JzGX7suma3IM9tkaw$SxwbMZ5tm8bxjeOgHhCdlAESCQ2IY3i5suijxtI4eoI=','2025-02-23 10:59:06.926734',1,'admin','','','sdf@fd.com',1,1,'2025-01-19 12:09:26.599948',NULL,NULL,1);
INSERT INTO accounts_manageruser VALUES(3,'pbkdf2_sha256$870000$iAWYYm1HshJPPCnZ6wAj5V$5++iSHGssvTy2OlgHfZ1JfvhPaqMMPqM85qX7Or6xTY=',NULL,1,'super','','','asd@ad.com',1,1,'2025-01-19 12:12:01.307466',NULL,NULL,1);
INSERT INTO accounts_manageruser VALUES(4,'pbkdf2_sha256$320000$umSDGRX7mQHqdJlunMm5FW$XUMDXAVfnGyOlt683WMxB9ozfLPA1hHY82MRG/11wI0=','2025-02-20 07:34:57.098806',0,'infinity','','','kawamurajimu@helen.ocn.ne.jp',0,1,'2025-02-12 05:16:25.220840',NULL,NULL,1);
CREATE TABLE IF NOT EXISTS "classmanager_school" ("id" integer NOT NULL PRIMARY KEY AUTOINCREMENT, "name" varchar(200) NULL, "stage" varchar(200) NULL, "manageruser_id" bigint NULL REFERENCES "accounts_manageruser" ("id") DEFERRABLE INITIALLY DEFERRED);
INSERT INTO classmanager_school VALUES(1,'大垣小学校','中学生',1);
INSERT INTO classmanager_school VALUES(2,'岐阜中学校','中学生',1);
INSERT INTO classmanager_school VALUES(3,'揖斐高校','高校生',1);
INSERT INTO classmanager_school VALUES(4,'大野小学校','小学生',1);
INSERT INTO classmanager_school VALUES(5,'岐阜小学校','小学生',1);
INSERT INTO classmanager_school VALUES(6,'大垣東中学校','中学生',4);
INSERT INTO classmanager_school VALUES(7,'大垣北中学校','中学生',4);
INSERT INTO classmanager_school VALUES(8,'大垣南中学校','中学生',4);
INSERT INTO classmanager_school VALUES(9,'大垣西中学校','中学生',4);
INSERT INTO classmanager_school VALUES(10,'西部中学校','中学生',4);
INSERT INTO classmanager_school VALUES(11,'星和中学校','中学生',4);
INSERT INTO classmanager_school VALUES(12,'赤坂中学校','中学生',4);
INSERT INTO classmanager_school VALUES(13,'東安中学校','中学生',4);
INSERT INTO classmanager_school VALUES(14,'江東中学校','中学生',4);
INSERT INTO classmanager_school VALUES(15,'小野小学校','小学生',4);
INSERT INTO classmanager_school VALUES(16,'大垣東小学校','小学生',4);
INSERT INTO classmanager_school VALUES(17,'大垣北小学校','小学生',4);
INSERT INTO classmanager_school VALUES(18,'大垣西小学校','小学生',4);
INSERT INTO classmanager_school VALUES(19,'大垣南小学校','小学生',4);
INSERT INTO classmanager_school VALUES(20,'中川小学校','小学生',4);
INSERT INTO classmanager_school VALUES(21,'赤坂小学校','小学生',4);
INSERT INTO classmanager_school VALUES(22,'結小学校','小学生',4);
INSERT INTO classmanager_school VALUES(23,'興文小学校','小学生',4);
INSERT INTO classmanager_school VALUES(24,'宇留生小学校','小学生',4);
INSERT INTO classmanager_school VALUES(25,'大垣北高校','高校生',4);
INSERT INTO classmanager_school VALUES(26,'大垣東高校','高校生',4);
INSERT INTO classmanager_school VALUES(27,'大垣西高校','高校生',4);
INSERT INTO classmanager_school VALUES(28,'大垣南高校','高校生',4);
INSERT INTO classmanager_school VALUES(29,'大垣商業高校','高校生',4);
INSERT INTO classmanager_school VALUES(30,'大垣工業高校','高校生',4);
INSERT INTO classmanager_school VALUES(31,'大垣養老高校','高校生',4);
INSERT INTO classmanager_school VALUES(32,'大垣桜高校','高校生',4);
INSERT INTO classmanager_school VALUES(33,'揖斐高校','高校生',4);
INSERT INTO classmanager_school VALUES(34,'池田高校','高校生',4);
INSERT INTO classmanager_school VALUES(35,'岐阜高専','高校生',4);
INSERT INTO classmanager_school VALUES(36,'岐阜高校','高校生',4);
INSERT INTO classmanager_school VALUES(37,'岐阜北高校','高校生',4);
INSERT INTO classmanager_school VALUES(38,'岐山高校','高校生',4);
INSERT INTO classmanager_school VALUES(39,'長良高校','高校生',4);
INSERT INTO classmanager_school VALUES(40,'岐阜総合高校','高校生',4);
INSERT INTO classmanager_school VALUES(41,'岐阜商業高校','高校生',4);
INSERT INTO classmanager_school VALUES(42,'市立岐阜商業高校','高校生',4);
INSERT INTO classmanager_school VALUES(43,'岐阜南工業高校','高校生',4);
INSERT INTO classmanager_school VALUES(44,'羽島高校','高校生',4);
INSERT INTO classmanager_school VALUES(45,'羽島北高校','高校生',4);
INSERT INTO classmanager_school VALUES(46,'岐阜農林高校','高校生',4);
INSERT INTO classmanager_school VALUES(47,'加納高校','高校生',4);
INSERT INTO classmanager_school VALUES(48,'大垣日大高校','高校生',4);
INSERT INTO classmanager_school VALUES(49,'鶯谷高校','高校生',4);
INSERT INTO classmanager_school VALUES(50,'岐阜東高校','高校生',4);
INSERT INTO classmanager_school VALUES(51,'聖徳学園高校','高校生',4);
INSERT INTO classmanager_school VALUES(52,'岐阜第一高校','高校生',4);
INSERT INTO classmanager_school VALUES(53,'岐阜女子高校','高校生',4);
INSERT INTO classmanager_school VALUES(54,'済美高校','高校生',4);
CREATE TABLE IF NOT EXISTS "classmanager_studentschool" ("id" integer NOT NULL PRIMARY KEY AUTOINCREMENT, "stage" varchar(200) NULL, "grade" varchar(200) NULL, "schoolclass" varchar(200) NULL, "posted_at" datetime NULL, "student_id" bigint NULL REFERENCES "classmanager_student" ("id") DEFERRABLE INITIALLY DEFERRED, "school_id" bigint NULL REFERENCES "classmanager_school" ("id") DEFERRABLE INITIALLY DEFERRED);
INSERT INTO classmanager_studentschool VALUES(25,'高校','4','1','2025-01-25 11:47:14.749006',75,NULL);
INSERT INTO classmanager_studentschool VALUES(28,'','','','2025-01-25 11:54:50.043255',78,NULL);
INSERT INTO classmanager_studentschool VALUES(29,'','','','2025-01-25 11:57:36.321090',79,NULL);
INSERT INTO classmanager_studentschool VALUES(33,'JavaScript','','','2025-01-25 13:50:32.109424',82,NULL);
INSERT INTO classmanager_studentschool VALUES(34,'','','','2025-01-25 13:51:45.055654',83,NULL);
INSERT INTO classmanager_studentschool VALUES(35,'','','','2025-01-25 13:51:47.675173',84,NULL);
INSERT INTO classmanager_studentschool VALUES(36,'','','','2025-01-25 13:52:16.381455',85,NULL);
INSERT INTO classmanager_studentschool VALUES(37,'高校','','','2025-01-26 05:54:05.406311',80,NULL);
INSERT INTO classmanager_studentschool VALUES(40,'高校','','','2025-01-26 05:56:41.496018',88,NULL);
INSERT INTO classmanager_studentschool VALUES(48,'小学生','4','1','2025-01-26 06:57:51.033332',96,4);
INSERT INTO classmanager_studentschool VALUES(51,'高校','4','1','2025-01-26 07:34:23.830560',82,NULL);
INSERT INTO classmanager_studentschool VALUES(65,'小学生','1','','2025-01-26 07:59:54.465589',112,NULL);
INSERT INTO classmanager_studentschool VALUES(71,'小学生','6','','2025-01-27 01:25:20.013399',114,NULL);
INSERT INTO classmanager_studentschool VALUES(73,'小学生','1','','2025-01-27 12:12:59.270019',115,NULL);
INSERT INTO classmanager_studentschool VALUES(81,'小学生','1','','2025-01-27 13:49:52.298395',123,NULL);
INSERT INTO classmanager_studentschool VALUES(82,'小学生','1','','2025-01-27 14:00:49.018445',124,NULL);
INSERT INTO classmanager_studentschool VALUES(84,'小学生','1','','2025-01-28 02:54:15.043833',126,NULL);
INSERT INTO classmanager_studentschool VALUES(85,'中学生','3','','2025-01-28 02:54:59.406959',126,NULL);
INSERT INTO classmanager_studentschool VALUES(86,'小学生','1','','2025-01-30 12:35:57.781718',127,NULL);
INSERT INTO classmanager_studentschool VALUES(87,'小学生','1','','2025-01-30 12:36:00.993683',128,5);
INSERT INTO classmanager_studentschool VALUES(88,'小学生','1','','2025-01-31 09:25:03.045682',129,4);
INSERT INTO classmanager_studentschool VALUES(89,'小学生','1','','2025-01-31 09:25:14.047863',130,NULL);
INSERT INTO classmanager_studentschool VALUES(90,'小学生','1','','2025-02-07 09:15:08.072706',131,4);
INSERT INTO classmanager_studentschool VALUES(92,'高校生','3','','2025-02-12 05:45:53.666502',133,NULL);
INSERT INTO classmanager_studentschool VALUES(94,'小学生','1','','2025-02-13 03:12:31.461051',134,NULL);
INSERT INTO classmanager_studentschool VALUES(95,'小学生','1','','2025-02-18 00:58:02.146516',137,4);
INSERT INTO classmanager_studentschool VALUES(96,'中学生','1','','2025-02-18 01:54:14.898265',138,2);
INSERT INTO classmanager_studentschool VALUES(100,'小学生','1','','2025-02-19 01:58:57.510342',142,4);
INSERT INTO classmanager_studentschool VALUES(101,'小学生','1','','2025-02-19 02:38:29.734208',143,4);
INSERT INTO classmanager_studentschool VALUES(102,'高校生','3','','2025-02-20 05:21:25.627806',144,25);
INSERT INTO classmanager_studentschool VALUES(103,'高校生','2','','2025-02-20 05:22:19.493591',145,48);
INSERT INTO classmanager_studentschool VALUES(104,'高校生','2','','2025-02-20 05:22:54.548023',146,35);
INSERT INTO classmanager_studentschool VALUES(105,'高校生','2','','2025-02-20 05:23:24.584516',147,35);
INSERT INTO classmanager_studentschool VALUES(106,'高校生','2','','2025-02-20 05:24:01.544774',148,25);
INSERT INTO classmanager_studentschool VALUES(107,'高校生','1','','2025-02-20 05:24:32.645153',149,28);
INSERT INTO classmanager_studentschool VALUES(108,'高校生','1','','2025-02-20 05:24:58.985604',150,28);
INSERT INTO classmanager_studentschool VALUES(109,'高校生','1','','2025-02-20 05:25:20.916069',151,25);
INSERT INTO classmanager_studentschool VALUES(110,'高校生','1','','2025-02-20 05:25:48.651367',152,28);
INSERT INTO classmanager_studentschool VALUES(111,'高校生','1','','2025-02-20 05:26:18.900763',153,26);
INSERT INTO classmanager_studentschool VALUES(112,'中学生','3','','2025-02-20 05:26:41.865701',154,6);
INSERT INTO classmanager_studentschool VALUES(113,'中学生','3','','2025-02-20 05:27:05.281033',155,6);
INSERT INTO classmanager_studentschool VALUES(114,'中学生','3','','2025-02-20 05:27:31.134261',156,6);
INSERT INTO classmanager_studentschool VALUES(115,'中学生','3','','2025-02-20 05:27:59.531118',157,6);
INSERT INTO classmanager_studentschool VALUES(116,'中学生','2','','2025-02-20 05:29:46.155996',158,6);
INSERT INTO classmanager_studentschool VALUES(117,'中学生','2','','2025-02-20 05:30:11.269314',159,6);
INSERT INTO classmanager_studentschool VALUES(118,'中学生','2','','2025-02-20 05:30:32.773837',160,6);
INSERT INTO classmanager_studentschool VALUES(119,'中学生','2','','2025-02-20 05:31:05.598445',161,13);
INSERT INTO classmanager_studentschool VALUES(120,'中学生','2','','2025-02-20 05:31:30.252957',162,13);
INSERT INTO classmanager_studentschool VALUES(121,'中学生','2','','2025-02-20 05:31:51.348302',163,6);
INSERT INTO classmanager_studentschool VALUES(122,'中学生','2','','2025-02-20 05:32:14.244782',164,6);
INSERT INTO classmanager_studentschool VALUES(123,'小学生','1','','2025-02-21 10:18:09.152756',165,4);
INSERT INTO classmanager_studentschool VALUES(124,'小学生','1','','2025-02-21 10:18:33.240958',166,4);
INSERT INTO classmanager_studentschool VALUES(125,'小学生','1','','2025-02-21 10:18:50.252821',167,4);
INSERT INTO classmanager_studentschool VALUES(126,'小学生','1','','2025-02-21 10:19:02.819214',168,4);
INSERT INTO classmanager_studentschool VALUES(127,'小学生','1','','2025-02-21 10:19:15.585110',169,4);
INSERT INTO classmanager_studentschool VALUES(128,'小学生','1','','2025-02-21 10:19:26.349060',170,4);
INSERT INTO classmanager_studentschool VALUES(129,'小学生','1','','2025-02-21 10:19:51.921247',171,4);
CREATE TABLE IF NOT EXISTS "classmanager_studentphone" ("id" integer NOT NULL PRIMARY KEY AUTOINCREMENT, "phone" varchar(200) NULL, "student_id" bigint NULL REFERENCES "classmanager_student" ("id") DEFERRABLE INITIALLY DEFERRED, "text" varchar(200) NULL, "manageruser_id" bigint NULL REFERENCES "accounts_manageruser" ("id") DEFERRABLE INITIALLY DEFERRED);
INSERT INTO classmanager_studentphone VALUES(20,'151616',130,'kk',1);
INSERT INTO classmanager_studentphone VALUES(22,'151616',142,'kk',1);
INSERT INTO classmanager_studentphone VALUES(25,'15161688',143,'父',1);
INSERT INTO classmanager_studentphone VALUES(26,'',144,'',4);
INSERT INTO classmanager_studentphone VALUES(27,'',145,'',4);
INSERT INTO classmanager_studentphone VALUES(28,'',146,'',4);
INSERT INTO classmanager_studentphone VALUES(29,'',147,'',4);
INSERT INTO classmanager_studentphone VALUES(30,'',148,'',4);
INSERT INTO classmanager_studentphone VALUES(31,'',149,'',4);
INSERT INTO classmanager_studentphone VALUES(32,'',150,'',4);
INSERT INTO classmanager_studentphone VALUES(33,'',151,'',4);
INSERT INTO classmanager_studentphone VALUES(34,'',152,'',4);
INSERT INTO classmanager_studentphone VALUES(35,'',153,'',4);
INSERT INTO classmanager_studentphone VALUES(36,'',154,'',4);
INSERT INTO classmanager_studentphone VALUES(37,'',155,'',4);
INSERT INTO classmanager_studentphone VALUES(38,'',156,'',4);
INSERT INTO classmanager_studentphone VALUES(39,'',157,'',4);
INSERT INTO classmanager_studentphone VALUES(40,'',158,'',4);
INSERT INTO classmanager_studentphone VALUES(41,'',159,'',4);
INSERT INTO classmanager_studentphone VALUES(42,'',160,'',4);
INSERT INTO classmanager_studentphone VALUES(43,'',161,'',4);
INSERT INTO classmanager_studentphone VALUES(44,'',162,'',4);
INSERT INTO classmanager_studentphone VALUES(45,'',163,'',4);
INSERT INTO classmanager_studentphone VALUES(46,'',164,'',4);
INSERT INTO classmanager_studentphone VALUES(47,'',165,'',1);
INSERT INTO classmanager_studentphone VALUES(48,'',166,'',1);
INSERT INTO classmanager_studentphone VALUES(49,'',167,'',1);
INSERT INTO classmanager_studentphone VALUES(50,'',168,'',1);
INSERT INTO classmanager_studentphone VALUES(51,'',169,'',1);
INSERT INTO classmanager_studentphone VALUES(52,'',170,'',1);
INSERT INTO classmanager_studentphone VALUES(53,'',171,'',1);
CREATE TABLE IF NOT EXISTS "classmanager_category" ("id" integer NOT NULL PRIMARY KEY AUTOINCREMENT, "title" varchar(200) NULL, "parent_id" bigint NULL REFERENCES "classmanager_parentcategory" ("id") DEFERRABLE INITIALLY DEFERRED);
INSERT INTO classmanager_category VALUES(1,'英吾',1);
INSERT INTO classmanager_category VALUES(2,'ｌｌｌ',1);
INSERT INTO classmanager_category VALUES(3,'ううう',3);
INSERT INTO classmanager_category VALUES(4,'ｋｋｋ',1);
CREATE TABLE IF NOT EXISTS "classmanager_parentcategory" ("id" integer NOT NULL PRIMARY KEY AUTOINCREMENT, "title" varchar(200) NULL);
INSERT INTO classmanager_parentcategory VALUES(1,'ｌｌ');
INSERT INTO classmanager_parentcategory VALUES(2,'ｈｈｈ');
INSERT INTO classmanager_parentcategory VALUES(3,'ｗｗｗ');
CREATE TABLE IF NOT EXISTS "classmanager_englishwords" ("id" integer NOT NULL PRIMARY KEY AUTOINCREMENT, "word" varchar(200) NULL, "trans" varchar(200) NULL, "category_id" bigint NULL REFERENCES "classmanager_category" ("id") DEFERRABLE INITIALLY DEFERRED);
INSERT INTO classmanager_englishwords VALUES(1,'apple','リンゴ',1);
INSERT INTO classmanager_englishwords VALUES(2,'ｊｋｊｈｋ','ｊｈｋｈ',NULL);
CREATE TABLE IF NOT EXISTS "classmanager_usercategory" ("id" integer NOT NULL PRIMARY KEY AUTOINCREMENT, "title" varchar(200) NULL, "manageruser_id" bigint NULL REFERENCES "accounts_manageruser" ("id") DEFERRABLE INITIALLY DEFERRED, "parent_id" bigint NULL REFERENCES "classmanager_parentcategory" ("id") DEFERRABLE INITIALLY DEFERRED);
CREATE TABLE IF NOT EXISTS "classmanager_userenglishwords" ("id" integer NOT NULL PRIMARY KEY AUTOINCREMENT, "word" varchar(200) NULL, "trans" varchar(200) NULL, "category_id" bigint NULL REFERENCES "classmanager_category" ("id") DEFERRABLE INITIALLY DEFERRED, "manageruser_id" bigint NULL REFERENCES "accounts_manageruser" ("id") DEFERRABLE INITIALLY DEFERRED);
CREATE TABLE IF NOT EXISTS "classmanager_userparentcategory" ("id" integer NOT NULL PRIMARY KEY AUTOINCREMENT, "title" varchar(200) NULL, "manageruser_id" bigint NULL REFERENCES "accounts_manageruser" ("id") DEFERRABLE INITIALLY DEFERRED);
DELETE FROM sqlite_sequence;
INSERT INTO sqlite_sequence VALUES('django_migrations',56);
INSERT INTO sqlite_sequence VALUES('django_content_type',25);
INSERT INTO sqlite_sequence VALUES('auth_permission',100);
INSERT INTO sqlite_sequence VALUES('auth_group',0);
INSERT INTO sqlite_sequence VALUES('django_admin_log',0);
INSERT INTO sqlite_sequence VALUES('accountsclassroom_classroomuser',8);
INSERT INTO sqlite_sequence VALUES('classmanager_student',171);
INSERT INTO sqlite_sequence VALUES('classmanager_subject',31);
INSERT INTO sqlite_sequence VALUES('classmanager_schoolsubject',196);
INSERT INTO sqlite_sequence VALUES('accounts_managerclassroom',4);
INSERT INTO sqlite_sequence VALUES('classmanager_teacher',13);
INSERT INTO sqlite_sequence VALUES('classmanager_period',10);
INSERT INTO sqlite_sequence VALUES('classmanager_report',18);
INSERT INTO sqlite_sequence VALUES('classmanager_classschedule',193);
INSERT INTO sqlite_sequence VALUES('accounts_manageruser',4);
INSERT INTO sqlite_sequence VALUES('classmanager_school',55);
INSERT INTO sqlite_sequence VALUES('classmanager_studentschool',129);
INSERT INTO sqlite_sequence VALUES('classmanager_studentphone',53);
INSERT INTO sqlite_sequence VALUES('classmanager_parentcategory',3);
INSERT INTO sqlite_sequence VALUES('classmanager_category',4);
INSERT INTO sqlite_sequence VALUES('classmanager_englishwords',2);
CREATE UNIQUE INDEX "django_content_type_app_label_model_76bd3d3b_uniq" ON "django_content_type" ("app_label", "model");
CREATE UNIQUE INDEX "auth_group_permissions_group_id_permission_id_0cd325b0_uniq" ON "auth_group_permissions" ("group_id", "permission_id");
CREATE INDEX "auth_group_permissions_group_id_b120cbf9" ON "auth_group_permissions" ("group_id");
CREATE INDEX "auth_group_permissions_permission_id_84c5c92e" ON "auth_group_permissions" ("permission_id");
CREATE UNIQUE INDEX "auth_permission_content_type_id_codename_01ab375a_uniq" ON "auth_permission" ("content_type_id", "codename");
CREATE INDEX "auth_permission_content_type_id_2f476e4b" ON "auth_permission" ("content_type_id");
CREATE UNIQUE INDEX "accountsclassroom_classroomuser_groups_classroomuser_id_group_id_e7ae9f30_uniq" ON "accountsclassroom_classroomuser_groups" ("classroomuser_id", "group_id");
CREATE INDEX "accountsclassroom_classroomuser_groups_classroomuser_id_5e1dc168" ON "accountsclassroom_classroomuser_groups" ("classroomuser_id");
CREATE INDEX "accountsclassroom_classroomuser_groups_group_id_5ec5dd84" ON "accountsclassroom_classroomuser_groups" ("group_id");
CREATE UNIQUE INDEX "accountsclassroom_classroomuser_user_permissions_classroomuser_id_permission_id_04d8bd8b_uniq" ON "accountsclassroom_classroomuser_user_permissions" ("classroomuser_id", "permission_id");
CREATE INDEX "accountsclassroom_classroomuser_user_permissions_classroomuser_id_d55cb750" ON "accountsclassroom_classroomuser_user_permissions" ("classroomuser_id");
CREATE INDEX "accountsclassroom_classroomuser_user_permissions_permission_id_9e50372b" ON "accountsclassroom_classroomuser_user_permissions" ("permission_id");
CREATE UNIQUE INDEX "accounts_manageruser_groups_manageruser_id_group_id_351ef0c4_uniq" ON "accounts_manageruser_groups" ("manageruser_id", "group_id");
CREATE INDEX "accounts_manageruser_groups_manageruser_id_ad3e0d9a" ON "accounts_manageruser_groups" ("manageruser_id");
CREATE INDEX "accounts_manageruser_groups_group_id_1594ab77" ON "accounts_manageruser_groups" ("group_id");
CREATE UNIQUE INDEX "accounts_manageruser_user_permissions_manageruser_id_permission_id_27d38cc2_uniq" ON "accounts_manageruser_user_permissions" ("manageruser_id", "permission_id");
CREATE INDEX "accounts_manageruser_user_permissions_manageruser_id_0b624219" ON "accounts_manageruser_user_permissions" ("manageruser_id");
CREATE INDEX "accounts_manageruser_user_permissions_permission_id_29509985" ON "accounts_manageruser_user_permissions" ("permission_id");
CREATE INDEX "accounts_managerclassroom_classroom_id_8ae2506f" ON "accounts_managerclassroom" ("classroom_id");
CREATE INDEX "accounts_managerclassroom_manager_id_23d3ad29" ON "accounts_managerclassroom" ("manager_id");
CREATE INDEX "django_admin_log_content_type_id_c4bce8eb" ON "django_admin_log" ("content_type_id");
CREATE INDEX "django_admin_log_user_id_c564eba6" ON "django_admin_log" ("user_id");
CREATE INDEX "django_session_expire_date_a5c62663" ON "django_session" ("expire_date");
CREATE INDEX "classmanager_student_manageruser_id_7f1250ad" ON "classmanager_student" ("manageruser_id");
CREATE INDEX "classmanager_subject_manageruser_id_a69f61bb" ON "classmanager_subject" ("manageruser_id");
CREATE INDEX "classmanager_schoolsubject_school_id_7c3b76a3" ON "classmanager_schoolsubject" ("school_id");
CREATE INDEX "classmanager_schoolsubject_subject_id_ba080687" ON "classmanager_schoolsubject" ("subject_id");
CREATE INDEX "classmanager_teacher_manageruser_id_534c81d0" ON "classmanager_teacher" ("manageruser_id");
CREATE INDEX "classmanager_period_manageruser_id_e5b16dcc" ON "classmanager_period" ("manageruser_id");
CREATE INDEX "classmanager_student_classroomuser_id_22065cf0" ON "classmanager_student" ("classroomuser_id");
CREATE INDEX "classmanager_teacher_classroomuser_id_276a4b17" ON "classmanager_teacher" ("classroomuser_id");
CREATE INDEX "classmanager_report_classroomuser_id_a0daa861" ON "classmanager_report" ("classroomuser_id");
CREATE INDEX "classmanager_report_student_id_a9db02e5" ON "classmanager_report" ("student_id");
CREATE INDEX "classmanager_report_teacher_id_849ada66" ON "classmanager_report" ("teacher_id");
CREATE INDEX "classmanager_report_period_id_399df7cf" ON "classmanager_report" ("period_id");
CREATE INDEX "classmanager_classschedule_student_id_1745954f" ON "classmanager_classschedule" ("student_id");
CREATE INDEX "classmanager_classschedule_teacher_id_d2d66a0a" ON "classmanager_classschedule" ("teacher_id");
CREATE INDEX "classmanager_classschedule_classroomuser_id_5d324f06" ON "classmanager_classschedule" ("classroomuser_id");
CREATE INDEX "classmanager_classschedule_period_id_a1652c2e" ON "classmanager_classschedule" ("period_id");
CREATE INDEX "classmanager_school_manageruser_id_935dd5cb" ON "classmanager_school" ("manageruser_id");
CREATE INDEX "classmanager_studentschool_student_id_9c19ad85" ON "classmanager_studentschool" ("student_id");
CREATE INDEX "classmanager_studentschool_school_id_7675e881" ON "classmanager_studentschool" ("school_id");
CREATE INDEX "classmanager_studentphone_student_id_47fa1ba8" ON "classmanager_studentphone" ("student_id");
CREATE INDEX "classmanager_studentphone_manageruser_id_d5e7f341" ON "classmanager_studentphone" ("manageruser_id");
CREATE INDEX "classmanager_englishwords_category_id_33195d40" ON "classmanager_englishwords" ("category_id");
CREATE INDEX "classmanager_category_parent_id_1839f284" ON "classmanager_category" ("parent_id");
CREATE INDEX "classmanager_usercategory_manageruser_id_0f877424" ON "classmanager_usercategory" ("manageruser_id");
CREATE INDEX "classmanager_usercategory_parent_id_a14fbfb6" ON "classmanager_usercategory" ("parent_id");
CREATE INDEX "classmanager_userenglishwords_category_id_873b51e2" ON "classmanager_userenglishwords" ("category_id");
CREATE INDEX "classmanager_userenglishwords_manageruser_id_fc736a38" ON "classmanager_userenglishwords" ("manageruser_id");
CREATE INDEX "classmanager_userparentcategory_manageruser_id_4dc2d71f" ON "classmanager_userparentcategory" ("manageruser_id");
COMMIT;
